date;MAIN: Hydrogen (ppm);MAIN: Methane (ppm);MAIN: Acetylene (ppm);MAIN: Ethylene (ppm);MAIN: Ethane (ppm);MAIN: Carbon Monoxide (ppm);MAIN: Carbon Dioxide (ppm)
2010-12-08 03:00:00;184,2;96,6;0,3;15,5;151,2;213;2958
2010-12-09 05:00:00;187,4;96,1;0,5;13,3;139,9;214,5;2950
2010-12-10 05:00:00;196,4;94,4;0,1;15,1;151,7;216,3;3049
2010-12-11 10:00:00;198,9;93,2;0,3;15,3;162,1;213;3005
2010-12-12 13:00:00;211,5;96,9;0,3;15,1;148,7;215,1;2978
2010-12-13 13:00:00;212;94,4;0,3;15,8;155,2;213,3;2962
2010-12-14 13:00:00;210,3;93,3;0,1;15;155;214,5;2974
2010-12-15 13:00:00;209,1;99,2;0,9;13,8;141,4;213,8;2987
2010-12-16 13:00:00;207,3;97,6;0,1;15,2;157,4;214,1;2973
2010-12-17 13:00:00;217,5;94,6;0,2;15;163,1;215,4;2954
2010-12-18 13:00:00;216,4;96,6;0,2;13,9;155;215,7;2932
2010-12-19 13:00:00;218,2;94,5;0,1;14,8;162,4;213,8;2914
2010-12-20 13:00:00;216,3;95,1;0,3;14,3;156,4;212,9;2904
2010-12-21 13:00:00;215,5;94,3;0,3;14,3;152,8;213,6;2937
2010-12-22 13:00:00;217,2;95,4;0,1;14,6;151,3;211,8;2905
2010-12-23 15:00:00;216,4;93,1;0,2;13,3;147,9;208;2864
2010-12-24 19:00:00;215,8;94,2;0,1;14,1;155;210,4;2887
2010-12-25 19:00:00;217,8;94,7;0,2;13,7;150,3;214,9;2932
2010-12-26 19:00:00;209,8;94;0,4;14,4;158,6;210,3;2921
2010-12-27 19:00:00;220,3;96,9;0,2;15,3;152;218,6;2976
2010-12-28 19:00:00;216,2;96,6;0;14,6;150,3;215,1;2931
2010-12-29 19:00:00;210,2;94,6;0,5;13,7;148,4;213,7;2933
2010-12-30 19:00:00;205,4;97,3;0,2;14,1;142,1;212,3;2951
2010-12-31 19:00:00;208,9;94,4;0,5;13,8;151,8;212,9;2913
2011-01-01 19:00:00;211;93,8;0,2;13,6;148,1;212,3;2917
2011-01-02 19:00:00;218,4;97,8;0,1;14,4;150,2;214,8;2871
2011-01-04 01:00:00;120,2;95,7;0,5;15;155,8;213,9;2877
2011-01-05 01:00:00;122,9;98,5;0,2;13,9;147,8;210,3;2937
2011-01-06 01:00:00;126,5;98,5;0,2;14,2;158;215,4;3006
2011-01-07 01:00:00;127,2;100,1;0,7;13,3;152,3;215,2;3047
2011-01-08 04:00:00;102,2;102;0,2;14,4;150,2;209,9;2871
2011-01-09 06:00:00;9,3;10,5;0,2;2,8;25,4;23,9;698
2011-01-10 09:00:00;18,8;14,4;0,6;4,4;26;45,8;1317
2011-01-11 12:00:00;27,2;16,9;0,5;3,8;28,8;56,6;1562
2011-01-12 12:00:00;33,2;19,7;0,1;5,4;30,4;61,8;1618
2011-01-13 13:00:00;211,2;97,2;0;15,2;150,7;215,7;2922
2011-01-14 13:00:00;214,3;96,6;0;14,7;153,1;215,3;2927
2011-01-15 13:00:00;212,5;96,5;0,2;13,6;153,4;216,8;2944
2011-01-16 13:00:00;205,2;95,7;0;15,3;149;211,8;2925
2011-01-17 13:00:00;214,9;95,2;0;14,6;152,5;216,3;2931
2011-01-18 13:00:00;209,2;98,1;0,1;13,2;147,3;211,9;2909
2011-01-19 13:00:00;213,8;96,8;0;13,9;148,3;213,9;2907
2011-01-20 13:00:00;212,9;98,1;0,2;15;156,3;213,9;2949
2011-01-21 13:00:00;218,8;99,2;0,4;14,6;146,8;217,1;2930
2011-01-22 13:00:00;211,4;95,9;0;14,8;152,6;212,6;2933
2011-01-23 13:00:00;223;98,3;0;14,6;156;220,8;2980
2011-01-24 13:00:00;215,1;99,2;0,3;14,5;147,6;217;2938
2011-01-25 13:00:00;215,3;94,3;0,4;14,7;156,8;217,2;2947
2011-01-26 13:00:00;214,5;95,3;0,5;14;153,2;214,7;2938
2011-01-27 13:00:00;220,6;96,8;0;13,2;149,9;217,1;2938
2011-01-28 13:00:00;218,9;97,1;0;14;151,6;214,2;2920
2011-01-29 13:00:00;215,3;96,3;0,2;14,5;159,7;213,1;2921
2011-01-30 13:00:00;216,5;95,9;0,2;13,3;153,9;213,4;2885
2011-01-31 13:00:00;213,3;96,6;0,5;13,5;149,3;213,1;2878
2011-02-01 13:00:00;214,6;95,5;0;13,9;144,7;214,7;2940
2011-02-02 13:00:00;215,7;97,5;0;14;154;214,6;2884
2011-02-03 18:00:00;118;97,4;0,3;14,6;152;212;2894
2011-02-04 19:00:00;122,2;99,7;0,5;15,4;157,5;218,3;2933
2011-02-05 21:00:00;128,6;98,5;0,2;13,6;148,4;215,2;2937
2011-02-06 21:00:00;125,5;100,3;0,5;13,8;153;217;3020
2011-02-07 21:00:00;130,1;101,4;0,5;14,1;151,6;218,1;3081
2011-02-09 02:00:00;9,7;9,6;0,3;3,3;22,5;24;707
2011-02-10 05:00:00;19,4;13,1;0;4;27,8;46,6;1351
2011-02-11 08:00:00;27,7;19,5;0,3;4,1;25,2;56,8;1566
2011-02-12 08:00:00;33,8;21,5;0;4,4;26,1;62,6;1638
2011-02-13 13:00:00;222,9;95;0,2;14,7;160,3;218,6;2920
2011-02-14 13:00:00;219,9;94,2;0;14,3;154,6;215,4;2899
2011-02-15 13:00:00;225,7;97,4;0;15;158,2;217,3;2909
2011-02-16 18:00:00;116,9;96,4;0,3;14,2;155,1;213,3;2901
2011-02-17 18:00:00;121;97,2;0;15,4;159,6;216,4;2903
2011-02-18 18:00:00;122,2;97,9;0,3;14,9;159,7;218,5;2933
2011-02-19 18:00:00;117,9;96,1;0,3;13,9;147;209,8;2843
2011-02-20 18:00:00;120,8;97,7;0;14,7;154,8;216,3;2931
2011-02-21 18:00:00;119;96,6;0;14,7;159,6;213,2;2906
2011-02-22 18:00:00;119,6;96,8;0,5;14,9;154,2;212,5;2876
2011-02-23 18:00:00;118,3;97,1;0;14,6;145,6;215,9;2917
2011-02-24 18:00:00;116,5;99,5;0,2;13,1;146,6;213,8;2904
2011-02-25 18:00:00;117,7;99,5;0,1;13,9;152,7;214,9;2925
2011-02-26 18:00:00;121,3;97,1;0;14,1;155,2;218,5;2930
2011-02-27 18:00:00;117,3;96,5;0,3;13,9;153,2;213,1;2925
2011-02-28 18:00:00;120,6;99,3;0,1;14,4;155,8;213,9;2822
2011-03-01 19:00:00;213,5;95,1;0,2;15,8;157,8;215;2976
2011-03-02 19:00:00;219,2;98,8;0,5;14,8;149,1;215,7;2894
2011-03-04 01:00:00;120;96,8;0,3;14,6;155,6;213,3;2874
2011-03-05 01:00:00;128,4;95,9;0,2;14,3;156,9;215,4;2948
2011-03-06 01:00:00;123,5;99,3;0,3;14,7;152,6;215,5;3016
2011-03-07 01:00:00;130;100,6;0,2;15,4;158;218,2;3088
2011-03-08 04:00:00;100,2;98,8;0,5;15,1;152,2;206,2;2840
2011-03-09 06:00:00;10;13,2;0,5;1,9;19,9;24,8;712
2011-03-10 09:00:00;20,3;16,5;0,7;3,6;23,9;49;1369
2011-03-11 12:00:00;28,5;19,9;0,4;3,9;25,8;57,7;1586
2011-03-12 12:00:00;33,9;21,5;0;4,8;29,5;62,1;1626
2011-03-13 12:00:00;118,1;95,7;0,3;14,2;159;210,6;2896
2011-03-14 12:00:00;121,1;97,1;0,5;14,8;153;214,5;2922
2011-03-15 12:00:00;122,7;96,5;0,3;14,3;151,8;214;2898
2011-03-16 12:00:00;122,4;97,6;0,3;15,2;156;215,2;2906
2011-03-17 12:00:00;121,2;94,5;0,1;15,5;154,2;212,6;2870
2011-03-18 12:00:00;118,6;95,8;0,4;13,7;153,4;209,8;2882
2011-03-19 12:00:00;122,1;99,1;0,3;13,5;145,3;215,2;2911
2011-03-20 12:00:00;121,6;96,6;0,5;14,7;153,4;214,4;2905
2011-03-21 12:00:00;123;98,3;0,2;14,9;152,5;217,8;2923
2011-03-22 12:00:00;119,3;99,7;0,5;14,6;154,7;214,8;2927
2011-03-23 12:00:00;120,1;95,5;0,1;14,3;157,9;217,1;2933
2011-03-24 12:00:00;121,4;99,5;0,2;13,4;146,8;215;2911
2011-03-25 12:00:00;122,8;98,6;0,5;15,4;152,7;217,3;2926
2011-03-26 12:00:00;120,6;99,4;0,4;14,6;153,5;215,8;2922
2011-03-27 13:00:00;119,5;96,3;0,2;14,9;157,2;210,6;2843
2011-03-28 13:00:00;121,2;98,3;0,4;13,8;155,3;214;2852
2011-03-29 13:00:00;121,6;97,7;0,2;14,7;156,2;214,9;2874
2011-03-30 13:00:00;120,3;95,5;0,6;14;156,3;213,4;2863
2011-03-31 13:00:00;120,6;97,3;0,2;14,9;153,8;214,9;2898
2011-04-01 13:00:00;219;97,8;0,5;15,3;162,3;219,7;2984
2011-04-02 13:00:00;222,3;100,2;0,1;13,8;151,1;219,1;2927
2011-04-03 18:00:00;119,5;99,6;0,4;14,5;145,7;213,9;2898
2011-04-04 19:00:00;121;100,1;0,1;14,1;149,8;214,9;2904
2011-04-05 21:00:00;128,9;98,9;0,3;13,5;148,7;215,7;2951
2011-04-06 21:00:00;125;99,2;0,1;14;154,2;215,2;2993
2011-04-07 21:00:00;128,4;98,5;0,5;13,6;159,5;216,7;3090
2011-04-09 02:00:00;9,7;12,3;0;3,1;19,6;24,4;723
2011-04-10 05:00:00;19,8;14,2;0,3;3,8;24;48,4;1378
2011-04-11 08:00:00;28,4;17,9;0,5;4,4;29,8;58,1;1579
2011-04-12 08:00:00;34,2;19,1;0,1;3,9;34;62,6;1640
2011-04-13 09:00:00;122,2;97,7;0,7;14,3;151,6;214,1;2894
2011-04-14 09:00:00;122,4;98,4;0,5;13,8;150,7;215,1;2925
2011-04-15 09:00:00;119,8;98,6;0;14,2;146,1;213,8;2937
2011-04-16 09:00:00;123,4;96,4;0,5;13,4;153,9;216,6;2941
2011-04-17 09:00:00;123,2;100,9;0,2;14,8;148,9;216;2936
2011-04-18 09:00:00;122,1;97,1;0,3;15,6;151,4;214,8;2929
2011-04-19 09:00:00;121,2;98,7;0,8;14,4;155,9;214;2940
2011-04-20 09:00:00;122,5;97,5;0,4;13,7;150,4;214,5;2908
2011-04-21 09:00:00;122;97,1;0,1;15,3;151,6;214,8;2945
2011-04-22 09:00:00;121,5;97,5;0,5;13,2;150,7;214,1;2928
2011-04-23 09:00:00;125,1;99;0,1;14,7;156,7;219;2982
2011-04-24 09:00:00;120,6;101;0,6;14,6;147,6;212;2938
2011-04-25 09:00:00;126,1;101,2;0,1;13,9;150,9;217,6;2961
2011-04-26 09:00:00;120,3;95,4;0,5;15,2;153,8;210,4;2928
2011-04-27 09:00:00;122,9;96,5;0,3;14,1;149,6;212,1;2917
2011-04-28 09:00:00;127;98,5;0;14,5;141,4;216,6;2955
2011-04-29 09:00:00;125,3;94,5;0,5;14,1;152,1;213,4;2916
2011-04-30 09:00:00;121,6;96,9;0,3;14;156,7;211,4;2940
2011-05-01 13:00:00;217,3;95,8;0;15;153,4;218,7;2972
2011-05-02 13:00:00;218,3;97,4;0,3;13,4;150;215,5;2891
2011-05-03 18:00:00;117,5;94,6;0,4;14,7;155,1;212,4;2903
2011-05-04 18:00:00;123;100,9;0,2;15;148,5;220,2;2951
2011-05-05 21:00:00;125,1;99,9;0,4;14,3;148,8;215;2967
2011-05-06 21:00:00;125,4;96,1;0;15,3;156,8;211,9;2968
2011-05-07 21:00:00;128,6;99,1;0,3;14,8;157,2;218,2;3108
2011-05-09 01:00:00;9,1;10,2;0,3;3,5;25;24,7;723
2011-05-10 01:00:00;20,2;15;0,3;4,2;27,1;47,3;1372
2011-05-11 04:00:00;28,7;18,8;0,4;5,6;28,8;58,4;1581
2011-05-12 04:00:00;33,8;20,8;0,3;4,3;30,6;62,5;1633
2011-05-13 05:00:00;124,9;99,8;0,1;14,4;149,9;216,8;2983
2011-05-14 05:00:00;125,8;98,8;0;14,9;149,5;216,4;2949
2011-05-15 05:00:00;74,1;98,8;0,4;14,7;153,4;213,3;2942
2011-05-16 05:00:00;122,4;99,2;0,4;14,9;153,6;219,3;2985
2011-05-17 05:00:00;121,7;99,8;0,4;13,3;153,7;215,8;2960
2011-05-18 05:00:00;120,6;99,7;0;14,2;152,3;216,3;2990
2011-05-19 05:00:00;121,2;95,6;0,2;15,4;164;213,5;2963
2011-05-20 05:00:00;124,1;98,8;0,6;14,6;153,2;215,4;2965
2011-05-21 05:00:00;127,6;101,4;0,2;14,6;147,5;219,6;3011
2011-05-22 05:00:00;122,6;98;0,1;13,7;150,4;213,2;2952
2011-05-23 05:00:00;124,9;96,5;0,2;15;159,9;216,2;2991
2011-05-24 05:00:00;125,7;100,2;0,7;14,9;150,4;216,8;2996
2011-05-25 05:00:00;125,3;98,1;0,5;14,7;155,5;215,2;2967
2011-05-26 05:00:00;121,8;99,1;0;13,8;148,3;214,2;2999
2011-05-27 05:00:00;125,7;102;0,3;14,2;151,5;217,9;3020
2011-05-28 05:00:00;126,4;101,5;0,5;14,6;146,4;218,3;3010
2011-05-29 05:00:00;129,4;101,7;0,2;14;150,1;221,8;3050
2011-05-30 05:00:00;126,2;97,9;0,4;14,2;157,7;215,6;3014
2011-05-31 05:00:00;124,7;99,9;0,1;14,5;151,6;214;3007
2011-06-01 07:00:00;212,2;97,4;0,2;14,7;152,1;214,3;2952
2011-06-02 07:00:00;218,2;97,1;0,2;15,1;151,9;215,1;2895
2011-06-03 12:00:00;118,6;98;0,4;14,7;148,7;211,4;2881
2011-06-04 13:00:00;122,8;96,5;0,1;14,5;159,8;218;2932
2011-06-05 13:00:00;125,3;97,6;0,3;14;150,3;215,3;2947
2011-06-06 13:00:00;125,8;100;0;14;152,5;214,1;3005
2011-06-07 13:00:00;132,3;101,9;0,7;15,8;159,6;222,9;3170
2011-06-08 14:00:00;102,3;95,9;0,4;14,4;156;206,3;2820
2011-06-09 17:00:00;9,3;10,4;0;4,3;22,5;24,7;732
2011-06-10 17:00:00;19,7;14,6;0;4,7;25,7;48,1;1378
2011-06-11 20:00:00;28,6;16,9;0,5;4,5;32,2;57,4;1589
2011-06-12 20:00:00;35,6;21,9;0,5;3,6;26,1;62,9;1633
2011-06-13 21:00:00;127,5;97,2;0,1;15;154,8;215,9;2998
2011-06-14 21:00:00;124,7;99,2;0,1;14,5;154;214,4;3036
2011-06-15 21:00:00;128,5;99,5;0;15,2;155,4;218,9;3060
2011-06-16 21:00:00;128,7;100,8;0;14,4;153,3;218,5;3052
2011-06-17 21:00:00;125,1;99;0,4;14,2;153,8;215;3051
2011-06-18 21:00:00;130;101,1;0,2;14,5;160,7;221,3;3102
2011-06-19 21:00:00;123,3;98,3;0,5;15,3;156,3;213,8;3055
2011-06-20 21:00:00;128,8;100,3;0,3;14,1;153,4;218,5;3075
2011-06-21 21:00:00;127,5;98,2;0,5;15,7;160,9;218;3068
2011-06-22 21:00:00;124,3;99,7;0,4;15;157,7;214,6;3076
2011-06-23 21:00:00;127,7;101,3;0,2;13,6;148,9;216;3060
2011-06-24 21:00:00;125;98,4;0;14,2;156,8;213,5;3057
2011-06-25 21:00:00;126,7;98,8;0,3;14,9;158,7;218,1;3099
2011-06-26 21:00:00;126,6;100,4;0,5;14,8;152;218,2;3096
2011-06-27 21:00:00;128;101,9;0,1;14,4;148,9;217,6;3080
2011-06-28 21:00:00;129,4;100,3;0,4;13,7;152,9;216,9;3054
2011-06-29 21:00:00;130;100,6;0,7;13,7;149,7;217,8;3076
2011-06-30 21:00:00;128,5;102,2;0,4;14,7;159;218,5;3077
2011-07-02 01:00:00;217,5;95,3;0,2;15,7;163;215,1;2895
2011-07-03 06:00:00;119,8;92,4;0,4;13,2;160,8;210,9;2869
2011-07-04 09:00:00;121,8;97,6;0,3;15,5;160,1;214,9;2907
2011-07-05 09:00:00;124,2;100,7;0,5;15,3;149;216,4;2980
2011-07-06 09:00:00;123,5;99,3;0,6;13,9;158;214;3025
2011-07-07 09:00:00;130,5;100,6;0,5;15,1;161;220,4;3142
2011-07-08 10:00:00;107,6;97,5;0,2;14,3;162,9;213,4;2853
2011-07-09 13:00:00;9,6;11,8;0,5;2,2;23;25,3;726
2011-07-10 13:00:00;20,1;14,6;0,5;3,8;27;48,5;1382
2011-07-11 16:00:00;27,7;17,5;0;4,5;36,2;56,9;1578
2011-07-12 16:00:00;35,3;20,5;0,3;4,9;29,7;63,4;1628
2011-07-13 16:00:00;115,5;101,1;0,6;15,1;153;217;3066
2011-07-14 16:00:00;117,4;97,6;0,4;15,3;164,4;216,3;3044
2011-07-15 16:00:00;112,6;99,9;0,3;13,8;153,7;210,9;3021
2011-07-16 16:00:00;117;100,5;0,5;15,1;162,3;216,1;3043
2011-07-17 18:00:00;114,5;97,6;0,4;13,1;155,6;211,9;2971
2011-07-20 12:00:00;75,4;99,1;0,2;14,7;155,1;206,8;2965
2011-07-21 12:00:00;92,4;98,4;0,4;15,3;153,8;210,4;2937
2011-07-22 12:00:00;93,5;97,6;0,8;14,8;154;207,6;2915
2011-07-23 12:00:00;96,3;98,1;0,6;13,9;155,2;208,2;2905
2011-07-24 12:00:00;98,7;98,1;0,2;14,2;154,5;211,8;2928
2011-07-25 12:00:00;99,5;97,8;0,5;15,4;154,9;209,3;2869
2011-07-26 12:00:00;100,2;96,5;0,1;13,8;152,3;208,1;2875
2011-07-27 12:00:00;100,1;98,5;0,5;14,3;149,4;208,9;2888
2011-07-28 12:00:00;101,6;97,3;0,4;15;154,5;208,3;2872
2011-07-29 12:00:00;100,4;96,7;0,1;15,1;152;208;2832
2011-07-30 12:00:00;100,1;100,1;0,2;13,3;154,3;206,6;2860
2011-07-31 12:00:00;102,3;96,7;0,4;15,2;151;208,9;2868
2011-08-01 13:00:00;214,4;94;0,3;14;154,3;212,7;2940
2011-08-02 13:00:00;215,8;95,6;0,3;14,9;151,6;212;2864
2011-08-03 18:00:00;120;95,4;0,2;15;154;213,6;2887
2011-08-04 21:00:00;121,1;101,1;0;13,2;147,1;213,9;2891
2011-08-05 21:00:00;122,6;98,7;0,5;13,8;149,6;215,9;3007
2011-08-06 21:00:00;128,4;98,8;0,1;15,4;153,1;219,2;3036
2011-08-07 21:00:00;126;104,9;0,3;12,4;140,4;216;3102
2011-08-08 22:00:00;104;99,2;0,3;13,9;147,3;206,7;2775
2011-08-10 01:00:00;21,1;15;0,1;5,3;26,5;49;1390
2011-08-11 04:00:00;29,6;15,8;0;4,3;33,8;59,2;1597
2011-08-12 04:00:00;35,7;21,2;0,1;4;30,8;63,5;1637
2011-08-13 06:00:00;5,6;6,6;0;2,7;22,5;14,7;485
2011-08-14 06:00:00;6,5;8,8;0;2,5;21,7;16,6;526
2011-08-15 06:00:00;6,7;7,7;0;1,8;21;17,1;550
2011-08-16 06:00:00;7,1;9,7;0;2,2;21,4;18,6;571
2011-08-17 06:00:00;7,4;7,5;0;3,4;26,9;19;583
2011-08-18 06:00:00;7,6;9,6;0,4;2,7;19,6;19,8;604
2011-08-19 06:00:00;7,8;7,8;0,2;1,6;25,6;20,3;608
2011-08-20 06:00:00;7,9;9,2;0,4;2,3;21,4;20,7;625
2011-08-21 06:00:00;8,5;9,2;0;2,7;21,2;21,4;625
2011-08-22 06:00:00;8,6;9,1;0,3;3,3;23,9;21,4;639
2011-08-23 06:00:00;8,4;9,1;0,1;2,1;23,4;21,6;646
2011-08-24 06:00:00;8,6;9,6;0,3;2,3;24,2;22,2;643
2011-08-25 06:00:00;8,7;8,4;0;2,8;24,3;22,3;650
2011-08-26 06:00:00;8,8;11;0;2,4;18,9;22,5;650
2011-08-27 06:00:00;8,8;11,5;0,1;2,7;19,1;23,1;673
2011-08-28 06:00:00;8,9;10,2;0;3;22,3;22,3;666
2011-08-29 06:00:00;9;9,7;0,1;2,8;23,3;23,1;678
2011-08-30 06:00:00;9,4;10,8;0,3;3;19,9;23,5;692
2011-08-31 06:00:00;9,2;10,4;0,2;3,3;23,9;23;692
2011-09-01 07:00:00;221,7;95,9;0,4;15,6;151,5;216,4;2943
2011-09-02 07:00:00;219,8;98,1;0,5;14,5;147,1;214,9;2887
2011-09-03 12:00:00;121,1;95,9;0,2;14,6;153,4;213,5;2887
2011-09-04 13:00:00;121,4;97,4;0,1;14,4;151,2;214,7;2898
2011-09-05 13:00:00;126,1;99,9;0,1;13,7;153,1;217,5;2982
2011-09-06 13:00:00;124,9;98,4;0,3;14,5;157,1;214,6;3013
2011-09-07 13:00:00;126,7;102,9;0,1;15,1;158,1;216,4;3135
2011-09-08 14:00:00;104,4;97,1;0,3;14,8;151,3;207,3;2777
2011-09-09 17:00:00;10,4;10,9;0,6;2,3;23,4;26,3;753
2011-09-10 17:00:00;21,1;15,4;0,4;4,2;25,8;49,7;1426
2011-09-11 20:00:00;29,5;17,5;0,4;4,9;30,4;58,4;1598
2011-09-12 20:00:00;33,5;20,9;0,1;5;31,1;64,4;1658
2011-09-13 21:00:00;12,4;11,7;0;3,2;22,7;31,9;972
2011-09-14 21:00:00;12,4;9,6;0,2;4,1;26,4;32,9;1021
2011-09-15 21:00:00;13,2;10,6;0,4;3,8;26,5;34,3;1063
2011-09-16 21:00:00;13,7;12,6;0;3,7;22,9;35,5;1095
2011-09-17 21:00:00;14,3;13,8;0;3,8;20,2;36,9;1145
2011-09-18 21:00:00;14,9;12,3;0,4;3,3;25,2;38,6;1165
2011-09-19 21:00:00;15,6;13,6;0,2;3,6;22,3;39,2;1193
2011-09-20 21:00:00;15,5;12,1;0,3;4,3;22,7;39,4;1193
2011-09-21 21:00:00;15,9;13,6;0;3,5;23,1;39,9;1197
2011-09-22 21:00:00;15,4;13,4;0;3,6;25,7;40,4;1216
2011-09-23 21:00:00;16,1;13,5;0,3;3,7;25,1;41,1;1226
2011-09-24 21:00:00;17;14,8;0,7;4,4;21;42;1228
2011-09-25 21:00:00;17,1;11,5;0,1;2,5;29,7;42,7;1252
2011-09-26 21:00:00;17,4;14,5;0,5;3,3;24,7;43,1;1258
2011-09-27 21:00:00;17,9;14,1;0,2;4,1;25,5;43,5;1276
2011-09-28 21:00:00;18,3;13;0,5;3,8;29,3;45;1287
2011-09-29 21:00:00;18,6;13,7;0,1;3,8;25,4;45,5;1297
2011-09-30 21:00:00;18,8;15,4;0,2;4,3;19,6;46;1330
2011-10-02 01:00:00;216,1;100,2;0,9;13,9;141,6;214,3;2895
2011-10-03 06:00:00;122,8;96,2;0,4;14,4;157,7;218;2920
2011-10-04 09:00:00;123,2;98,7;0,3;14,8;148,3;216,8;2921
2011-10-05 09:00:00;121,7;97,2;0,5;13,5;150,1;212,9;2965
2011-10-06 09:00:00;127,1;100,3;0,5;14,6;153;214,3;2992
2011-10-07 09:00:00;129,9;98,8;0;14,6;162,6;218,9;3132
2011-10-08 10:00:00;99,3;94,9;0,7;14;151,7;201,1;2749
2011-10-09 13:00:00;10,9;11,4;0,1;2,7;24,2;27,2;794
2011-10-10 13:00:00;21,8;16,5;0,5;3,3;22,5;50,4;1425
2011-10-11 16:00:00;29,4;18,8;0,1;5,7;32,9;58,1;1589
2011-10-12 16:00:00;33,3;19,5;0,2;4,7;33,3;63,1;1633
2011-10-13 17:00:00;22,8;15,3;0,5;4,8;25,6;51,7;1448
2011-10-14 17:00:00;23,2;14,8;0,4;3,4;32,2;52,6;1454
2011-10-15 17:00:00;23,3;15,4;0;4,6;27,5;52,1;1466
2011-10-16 17:00:00;23,5;16,5;0,3;5,1;23,3;53,1;1478
2011-10-17 17:00:00;23,9;19,2;0,2;3,5;22,7;53,2;1493
2011-10-18 17:00:00;23,8;17,8;0;4,1;25,3;53;1486
2011-10-19 17:00:00;24,1;13,8;0,1;5,5;28,9;53,3;1477
2011-10-20 17:00:00;25,2;14,3;0,3;4,4;32;54,3;1506
2011-10-21 17:00:00;25,7;17,3;0,6;3,8;27,4;55,1;1525
2011-10-22 17:00:00;24,8;17,1;0,2;4,1;26,9;54;1515
2011-10-23 17:00:00;25,4;17,1;0;3,7;28,6;54,4;1522
2011-10-24 17:00:00;25,7;17,8;0,1;4;28,4;55,3;1518
2011-10-25 17:00:00;26;16,5;0,1;4,5;32,1;55,2;1527
2011-10-26 17:00:00;24,9;16,6;0,1;4,1;30;54,3;1508
2011-10-27 17:00:00;26,2;16,5;0;4;25,1;55,6;1531
2011-10-28 17:00:00;26,5;17,4;0;4;28,5;55,5;1527
2011-10-29 17:00:00;27;15;0;4,1;30;56,1;1544
2011-10-30 20:00:00;27,1;16;0,4;4,3;33,3;57;1546
2011-10-31 20:00:00;26,2;19,1;0;4,3;25,8;55,1;1542
2011-11-02 01:00:00;224,4;98,5;0,3;14,2;151;218,3;2922
2011-11-03 06:00:00;119,3;95,8;0,4;15,1;153,3;212,3;2895
2011-11-04 09:00:00;125;101,9;0;14;150,3;220,6;2964
2011-11-05 09:00:00;123,1;99,3;0,5;15,4;150,8;214,8;2993
2011-11-06 09:00:00;127;101,1;0,2;15,2;147,5;217,9;3021
2011-11-07 09:00:00;128,2;102,8;0,3;15,4;155;218,4;3148
2011-11-08 10:00:00;1;3;0,5;1,3;13,3;6,2;194
2011-11-09 13:00:00;11,1;11,3;0,1;3,1;24,1;28,5;840
2011-11-10 13:00:00;21,8;13,2;0;3,9;32,5;50,7;1430
2011-11-11 16:00:00;29,5;19,6;0,5;5,4;28;59;1589
2011-11-12 16:00:00;33,7;20,7;0,2;4,3;33,7;63,3;1632
2011-11-13 16:00:00;30,1;17,2;0;5,3;33,3;58,6;1568
2011-11-14 16:00:00;30;19,6;0,2;4,1;30,4;59,2;1561
2011-11-15 16:00:00;29,2;17,2;0,6;4,5;32,7;57,9;1545
2011-11-16 16:00:00;30,4;15,1;0,3;4,5;36;58,4;1550
2011-11-17 16:00:00;29,6;19,9;0,5;4,8;28,4;58,7;1572
2011-11-18 16:00:00;30,4;19,5;0,5;4,7;28,7;58,9;1577
2011-11-19 16:00:00;31;19,9;0,6;4,7;27,2;60,2;1582
2011-11-20 16:00:00;31,2;18,6;0,4;5,2;31,3;60,5;1597
2011-11-21 16:00:00;32,2;18,9;0,3;4,7;30,4;61,8;1612
2011-11-22 16:00:00;30,5;18,6;0;5,7;29;59,7;1595
2011-11-23 16:00:00;30,1;16,5;0;4,9;35,9;59;1594
2011-11-24 16:00:00;31,4;17,9;0,2;4,9;32,3;61;1615
2011-11-25 16:00:00;31,7;18,7;0,3;4,5;35,2;60,6;1605
2011-11-26 16:00:00;33,2;19,9;0,1;4,7;29;62,1;1619
2011-11-27 16:00:00;32;19,5;0;5;29,4;61,9;1619
2011-11-28 16:00:00;33;19,1;0,2;3,5;34;62;1621
2011-11-29 16:00:00;32,5;17,8;0,2;4,2;33,6;61,5;1613
2011-11-30 16:00:00;32,9;20,3;0;4,8;29,2;61,7;1635
2011-12-01 19:00:00;217,4;96,6;0;15,9;157,7;217,2;2948
2011-12-02 19:00:00;220,4;98,7;0,3;13,8;150,1;218,9;2935
2011-12-04 01:00:00;124,3;102,4;0;14;148,7;218,2;2938
2011-12-05 01:00:00;125,3;100,9;0,2;14,3;149,6;216,7;2994
2011-12-06 01:00:00;126,5;99,6;0,8;15,2;158,2;216,8;3034
2011-12-07 01:00:00;129;102;0,5;14,4;146,9;217,8;3099
2011-12-08 02:00:00;5,8;7,4;0;3;21,1;17,8;439
2011-12-09 05:00:00;11,4;11;0,4;2,6;24,7;28,9;874
2011-12-10 05:00:00;21,8;15,9;0,4;3,8;30;51,4;1445
2011-12-11 08:00:00;28,6;19,4;0,7;3,9;29;57,4;1573
2011-12-12 08:00:00;33,9;20;0,3;5,1;33,7;63,4;1636
2011-12-13 08:00:00;34,1;23,7;0;4,6;28,1;64,4;1639
2011-12-14 08:00:00;34,6;21,1;0,6;3,9;30,6;64,1;1650
2011-12-15 08:00:00;35,8;18,6;0,3;4,7;39,1;66,5;1655
2011-12-16 08:00:00;35,4;16,5;0,6;4,9;41,1;65;1667
2011-12-17 08:00:00;35,8;21,3;0,7;5,5;31,3;65,9;1693
2011-12-18 08:00:00;35,2;19,9;0,7;4,6;30,3;65,4;1670
2011-12-19 08:00:00;36,9;21,5;0;5;29;66;1679
2011-12-20 08:00:00;35,8;23,7;0,2;5,7;28,6;65,8;1688
2011-12-21 08:00:00;37,4;21,4;0;5,4;28,9;68,6;1692
2011-12-22 08:00:00;36,9;21,2;0,2;6;31,6;66,9;1704
2011-12-23 08:00:00;37;21,4;0,5;5,5;33,5;67,9;1705
2011-12-24 08:00:00;37,1;19,9;0,5;5,7;35,8;66,9;1702
2011-12-25 08:00:00;37,9;23,5;0,6;4,7;32;68,2;1734
2011-12-26 08:00:00;37,7;23,2;0,3;4,5;31,3;67,5;1726
2011-12-27 08:00:00;38;19,9;0;6,5;35;68,5;1742
2011-12-28 08:00:00;37,9;23,9;0,4;5;31,1;68,8;1754
2011-12-29 08:00:00;38,4;21,6;0,2;5,7;35,4;68,1;1741
2011-12-30 08:00:00;40;23,4;0,3;5,3;32,7;69,7;1765
2011-12-31 08:00:00;39,3;21,7;0,7;5,3;34,6;68,9;1746
2012-01-01 08:00:00;38,7;21,1;0;5,4;36,7;69,2;1747
2012-01-02 08:00:00;45,6;23,7;0,3;5,4;36,5;72,7;1778
2012-01-03 08:00:00;50;26,4;0,5;5,3;33,7;76,5;1836
2012-01-04 09:00:00;55;24,9;0;5,4;40,7;80,7;1856
2012-01-05 09:00:00;61,5;26,7;0,1;6,2;48,9;84,7;1966
2012-01-06 09:00:00;64,8;33,2;0,2;6,8;43,4;92,3;2124
2012-01-07 09:00:00;70,1;33,3;0,4;8;48,4;97,7;2219
2012-01-08 09:00:00;76;34,3;0,4;6,5;55,9;102;2159
2012-01-09 09:00:00;79,8;36,3;0,8;7,5;55,9;105,2;2202
2012-01-10 09:00:00;85;37,3;0,2;7,5;53,3;107,8;2169
2012-01-11 12:00:00;91,7;37;0,5;6,6;59,2;110,6;2148
2012-01-12 12:00:00;98;34,6;0,3;7,1;64,3;113,5;2172
2012-01-13 12:00:00;41,1;23,6;0,1;4,8;36;70,5;1781
2012-01-14 12:00:00;41,7;23,7;0;5,4;29,9;70,1;1766
2012-01-15 12:00:00;42,5;23,7;0;5,4;35,7;71,2;1758
2012-01-16 12:00:00;41,4;23,8;0,3;5,2;33,7;69,4;1733
2012-01-17 12:00:00;43,3;26;0,2;4,6;30,7;71,4;1762
2012-01-18 12:00:00;41,1;23,8;0,6;3,4;31,9;70;1746
2012-01-19 12:00:00;42,8;19,7;0,4;5,8;44,8;70,5;1752
2012-01-20 12:00:00;43,4;25,4;0,4;5,5;31,4;71,7;1764
2012-01-21 12:00:00;41,9;24,6;0;5,9;32,5;71,3;1779
2012-01-22 12:00:00;43,7;21,7;0;6,5;39,6;72,2;1774
2012-01-23 12:00:00;43,7;22,9;0,1;5,1;38,9;71,6;1787
2012-01-24 12:00:00;44,3;24,1;0,2;5,2;35,6;72,6;1796
2012-01-25 12:00:00;43,8;24,5;0,2;5,8;35,9;71,6;1798
2012-01-26 12:00:00;44;25,1;0;5,2;34,4;71,9;1782
2012-01-27 12:00:00;45,4;23;0,5;6;36,8;74,3;1809
2012-01-28 12:00:00;45,6;23,5;0,5;5,4;37,9;73,4;1816
2012-01-29 12:00:00;45,6;23,1;0,1;4,8;35,4;73,4;1800
2012-01-30 12:00:00;44,2;24,3;0,1;5,6;33,4;72,2;1794
2012-01-31 12:00:00;45,4;22,8;0,1;5;34,6;72,9;1798
2012-02-01 12:00:00;39,7;21,3;0;5,7;33,8;68,9;1754
2012-02-02 12:00:00;46,1;22,7;0,3;4,9;40,2;72,9;1774
2012-02-03 12:00:00;50,4;24,2;0;5,8;37,9;77,2;1833
2012-02-04 13:00:00;57,2;27,5;0,3;6,3;41,3;82,9;1908
2012-02-05 13:00:00;61,7;29,3;0,6;5;44;85,2;1962
2012-02-06 13:00:00;65,6;32,9;0,3;6,7;45,8;92,9;2138
2012-02-07 13:00:00;72,2;33,8;0,6;7,8;51,7;100,2;2229
2012-02-08 13:00:00;76,5;33,8;0,1;7;55,2;102,8;2174
2012-02-09 13:00:00;79,9;39,7;0,5;7,1;47,5;105,9;2190
2012-02-10 13:00:00;85,8;35,4;0,9;6,8;62,2;108,3;2168
2012-02-11 16:00:00;89,7;41,7;0,2;6,5;51,6;108;2124
2012-02-12 16:00:00;96,5;38;0,3;7,5;63,4;112,7;2173
2012-02-13 16:00:00;48,5;26,1;0;4,4;34;75,5;1820
2012-02-14 16:00:00;49;27,8;0,1;6,5;30,3;75,6;1838
2012-02-15 16:00:00;48;24,4;0,3;6,1;38,2;75,6;1820
2012-02-16 16:00:00;48,6;24;0,6;6,1;36,5;76,7;1836
2012-02-17 16:00:00;49,6;24,6;0,3;5,9;38,4;78;1844
2012-02-18 16:00:00;47,9;25,3;0,1;4,7;37,5;75,6;1806
2012-02-19 16:00:00;49;23,5;0,3;6,3;39,6;74,3;1806
2012-02-20 16:00:00;48,1;26;0,2;5,6;37,7;74,6;1826
2012-02-21 16:00:00;49;25,1;0,9;5,2;39,1;77;1835
2012-02-22 16:00:00;49,5;26,6;0,1;4,8;35,1;77;1860
2012-02-23 16:00:00;48,3;25,9;0,3;6,3;36,2;75,6;1833
2012-02-24 16:00:00;48,5;23,9;0;6,4;35,8;75;1809
2012-02-25 16:00:00;49,8;23,6;0,6;5,3;42,4;76,2;1833
2012-02-26 16:00:00;48,4;28;0;5,5;33,4;75,8;1837
2012-02-27 16:00:00;49,6;26,3;0,8;5,1;37,4;76,8;1827
2012-02-28 16:00:00;49,5;25;0,8;6;42,5;76,2;1841
2012-02-29 16:00:00;50;23,9;0,2;5,7;40,8;77,1;1830
2012-03-01 16:00:00;40,3;24,3;0,1;4,7;32,8;70,2;1760
2012-03-02 16:00:00;46,8;23;0,3;5,2;37,1;73,7;1796
2012-03-03 16:00:00;50,8;27,6;0,5;5,5;37,3;76,8;1844
2012-03-04 17:00:00;55,5;28,8;0,2;5,8;39,2;80,7;1876
2012-03-05 17:00:00;62,2;30;0;5,8;42,8;85,1;2000
2012-03-06 17:00:00;67,2;29;0;6,7;49,9;93,5;2160
2012-03-07 17:00:00;70,1;32,6;0,8;7,2;51,8;99,3;2222
2012-03-08 17:00:00;76,4;35,2;0,2;6,7;53;104,3;2180
2012-03-09 17:00:00;79,4;39,2;0,4;6,6;52,6;106;2195
2012-03-10 17:00:00;85,6;41,1;0,1;7,3;46,2;107,9;2162
2012-03-11 20:00:00;91,9;36,3;0,1;6,7;56,6;109,1;2101
2012-03-12 20:00:00;95,1;38,6;0,4;7,3;59,5;112,5;2179
2012-03-13 20:00:00;53,1;28,1;0,3;5;35,8;78,4;1862
2012-03-14 20:00:00;52,1;25,4;0,3;5,6;40,7;78,3;1859
2012-03-15 20:00:00;52,8;27;0;5,3;36,2;79,1;1848
2012-03-16 20:00:00;52,3;26;0,6;6;37;78,9;1866
2012-03-17 20:00:00;53,9;28,3;0,3;6,5;34,9;79,2;1847
2012-03-18 20:00:00;52,2;23,3;0,4;5,4;46,2;77,2;1829
2012-03-19 20:00:00;52,1;25,7;0,1;5,6;42,6;77,6;1830
2012-03-20 20:00:00;51,2;25,8;0,3;5,6;41,2;77,5;1821
2012-03-21 20:00:00;54,5;28,8;0,3;4,5;33,1;79,9;1830
2012-03-22 20:00:00;54,3;28,9;0;5,9;36,1;79,9;1802
2012-03-23 20:00:00;53,7;26,3;0,3;4,8;37,7;79;1801
2012-03-24 20:00:00;53,2;25,4;0,7;5,8;43,1;79,6;1836
2012-03-25 21:00:00;53,6;28,2;0,9;5,8;36,4;79,1;1836
2012-03-26 21:00:00;53,5;26,4;0,3;6,2;37,7;79,3;1847
2012-03-27 21:00:00;55,7;27,8;0,6;5,4;41,3;81,4;1870
2012-03-28 21:00:00;55,1;22,9;0,3;6,3;51,3;81,2;1879
2012-03-29 21:00:00;54,9;30,2;0,5;5,9;34,7;80,8;1874
2012-03-30 21:00:00;54,7;25,6;0,4;5,7;40;80,7;1859
2012-03-31 21:00:00;56,4;25,6;0,1;6,6;43,9;81,8;1887
2012-04-02 00:00:00;48,6;24,8;0,2;5,3;38,2;76;1833
2012-04-03 00:00:00;49,5;27;0,5;5;38,4;77,2;1850
2012-04-04 01:00:00;55,9;25,3;0;5,8;39,7;80,8;1867
2012-04-05 01:00:00;62,1;28,3;0,4;7,3;40,5;85,3;1989
2012-04-06 01:00:00;65,7;28,5;0;7;49,5;91,7;2141
2012-04-07 01:00:00;70;34,1;0,4;7,1;49,6;98;2211
2012-04-08 01:00:00;75,5;33;0,2;6;55,8;102,6;2173
2012-04-09 01:00:00;77,9;38,7;0,6;7,5;51,6;104,6;2213
2012-04-10 01:00:00;86,2;38,4;0,3;5;56,9;108,1;2160
2012-04-11 04:00:00;92,2;36,8;0,3;6,7;61,8;109;2094
2012-04-12 04:00:00;97,3;43,4;0,6;7,6;49,5;113,6;2166
2012-04-13 05:00:00;57,8;26;0,3;5,9;46,6;82,6;1912
2012-04-14 05:00:00;58,3;26,4;0,2;6,2;46,9;82,5;1908
2012-04-15 05:00:00;59;28;0,1;5,8;39,7;82,3;1904
2012-04-16 05:00:00;59,8;27,3;0,4;6,1;40,9;83,2;1908
2012-04-17 05:00:00;59,1;27,5;0,4;7,3;39,3;82,8;1915
2012-04-18 05:00:00;59,5;30,3;0;5,5;37,7;83,2;1924
2012-04-19 05:00:00;60;27,7;0,2;6,2;40,3;83,8;1932
2012-04-20 05:00:00;60,6;24,9;0,4;6,7;46,5;85,1;1916
2012-04-21 05:00:00;60,1;27,6;0,5;5,7;44,7;83,4;1935
2012-04-22 05:00:00;59,7;28,8;0;6;41;84,8;1954
2012-04-23 05:00:00;59,3;26;0;5,8;46,1;83,9;1915
2012-04-24 05:00:00;60,7;30,7;0,4;6,2;37,2;83,9;1941
2012-04-25 05:00:00;60,8;29,1;0;5,2;41,5;84,8;1954
2012-04-26 05:00:00;61,1;30,1;0;6;38,2;84,5;1946
2012-04-27 05:00:00;61,8;27,9;0;6,9;42;86,3;1962
2012-04-28 05:00:00;61,8;27,7;0,6;5,9;45,7;84,3;1958
2012-04-29 05:00:00;61;30,7;0;6,1;37,7;83,5;1956
2012-04-30 05:00:00;62,4;25,9;1;6,3;50,8;83,9;1974
2012-05-01 08:00:00;40;22,1;0,1;5,1;37,6;69,2;1761
2012-05-02 08:00:00;45,3;22;0;5,6;35,6;72,3;1800
2012-05-03 08:00:00;50,4;25;0,2;5,3;40,3;76,4;1827
2012-05-04 09:00:00;57,4;28,2;0,1;5,8;39,5;82,4;1867
2012-05-05 09:00:00;64,3;28,3;0,2;7,6;40;85,9;1995
2012-05-06 09:00:00;67,1;30,6;0,2;5,5;52,2;93,1;2159
2012-05-07 09:00:00;70,8;33,2;0,7;7,4;53,4;99,3;2213
2012-05-08 09:00:00;76,3;36,1;0,3;7,1;51,1;105,1;2203
2012-05-09 09:00:00;80,1;38,1;0,4;6,9;48,1;105,8;2202
2012-05-10 09:00:00;84,9;40,3;0,6;7,4;49,3;108,5;2146
2012-05-11 12:00:00;91,8;37;0,3;6,7;60;109,2;2116
2012-05-12 12:00:00;95,1;40;0,4;6,8;59,4;110,9;2164
2012-05-13 13:00:00;65,3;29,8;0;6,4;44,2;87,8;2035
2012-05-14 13:00:00;65;29,9;0,3;7,2;41,7;88,3;2041
2012-05-15 13:00:00;64,3;31,6;0,8;6,2;39,8;87,3;2032
2012-05-16 13:00:00;59,3;30,5;0,3;5,6;44,8;86;2013
2012-05-17 13:00:00;60,6;30,4;0,6;5,5;42,6;88;2037
2012-05-18 13:00:00;60,1;29,9;0,2;6,1;40,4;87,1;2026
2012-05-19 13:00:00;62,4;30;0,3;6,9;44,8;88;2016
2012-05-20 13:00:00;62,7;27,3;0,9;7,6;49,6;88;1994
2012-05-21 13:00:00;60,3;33,1;0,4;6,5;38,3;86,9;2001
2012-05-22 13:00:00;60,6;30;0;5,9;42,4;87,5;1980
2012-05-23 13:00:00;62,8;28,9;0,4;6,2;48,4;88,9;2032
2012-05-24 13:00:00;63,3;30,8;0,1;6,7;43,8;91,9;2053
2012-05-25 13:00:00;62,2;30;0;6,1;46,8;90,8;2052
2012-05-26 13:00:00;63,9;28,2;0,5;6,2;48,6;91,4;2076
2012-05-27 13:00:00;65;31,4;0,8;6;41,1;92,8;2103
2012-05-28 13:00:00;64,5;30,8;0,1;6,8;43,4;91,4;2113
2012-05-29 13:00:00;64,7;29,8;0,8;6,5;48,6;92,5;2106
2012-05-30 13:00:00;64,2;30,6;0,3;7,2;46,6;91,8;2105
2012-05-31 13:00:00;62,3;31,3;0;6,8;48,3;89,4;2112
2012-06-01 16:00:00;41,1;24,2;0,6;5,6;31,6;69,6;1767
2012-06-02 16:00:00;46,3;25,6;0,2;5,1;33,6;73,8;1811
2012-06-03 16:00:00;49,9;27;0,3;5,2;39,3;76,8;1842
2012-06-04 17:00:00;57,5;27,3;0,2;5,4;42,3;83,1;1897
2012-06-05 17:00:00;64,3;31,2;0,2;5,6;37,2;86,8;1999
2012-06-06 17:00:00;67,2;32,7;0;6,8;42,9;94,2;2162
2012-06-07 17:00:00;71,8;33,3;0,8;6,9;53,8;101,1;2237
2012-06-08 17:00:00;76;36,7;0,5;6,5;52,5;103,5;2179
2012-06-09 17:00:00;81;39,3;0,5;6,9;52,6;107,4;2212
2012-06-10 17:00:00;86,4;38,3;0,9;7,4;55,5;109,6;2187
2012-06-11 20:00:00;92,5;37,9;0,8;7,8;56,7;113,2;2142
2012-06-12 20:00:00;96,8;39;0,4;7,6;60;113,9;2147
2012-06-13 21:00:00;66,2;29,4;0,6;6,7;55,3;92,2;2203
2012-06-14 21:00:00;69,2;30,3;0,4;8,1;50,8;95,6;2239
2012-06-15 21:00:00;68,2;31;0,2;7,4;50,7;95,1;2187
2012-06-16 21:00:00;67,2;31,6;0,4;7,2;45,8;94,2;2184
2012-06-17 21:00:00;66,6;32,5;0,1;6,9;47,2;92,5;2177
2012-06-18 21:00:00;65,8;33,6;0,4;7,2;40,4;91,5;2171
2012-06-19 21:00:00;68,6;32,5;0,3;6,4;46;96,7;2171
2012-06-20 21:00:00;69,9;33,5;0,3;7,3;41,5;96,3;2201
2012-06-21 21:00:00;69,7;34,2;0,5;7,5;44,5;96,7;2186
2012-06-22 21:00:00;67,9;31,4;0,5;6,9;48;96,2;2190
2012-06-23 21:00:00;71;34,7;0,4;6,3;50,8;98,6;2203
2012-06-24 21:00:00;68,3;34;0,4;6,5;47,6;95,9;2179
2012-06-25 21:00:00;70,2;33,5;0,2;6,5;50,8;95,8;2198
2012-06-26 21:00:00;68,8;33,3;0,4;6,7;47,1;96,8;2169
2012-06-27 21:00:00;70,9;35,9;0,3;8;46,8;99,6;2232
2012-06-28 21:00:00;70,6;35,2;0,3;7,4;48,6;99,4;2218
2012-06-29 21:00:00;71;32,5;0;7,1;49,6;99,5;2218
2012-06-30 21:00:00;68,1;33,3;0,7;6,5;52;97;2215
2012-07-02 00:00:00;46,8;23,5;0,1;6;36,9;73,4;1799
2012-07-03 00:00:00;53,2;28,6;0,1;5,4;35,8;79,2;1865
2012-07-04 01:00:00;56,4;27,6;0,1;5,3;39;82,4;1900
2012-07-05 01:00:00;64,3;27,8;0,8;5,6;44,9;86,8;1996
2012-07-06 01:00:00;66,2;33,1;0,3;6;41,7;93,7;2179
2012-07-07 01:00:00;71,2;35,1;0,5;6,9;47;99,8;2225
2012-07-08 01:00:00;75,8;32,2;0;7,4;58,5;102,7;2181
2012-07-09 01:00:00;80,3;39,9;0,1;7,3;49,8;106,6;2215
2012-07-10 01:00:00;85,6;41,1;0,1;6,5;51,2;106,9;2138
2012-07-11 04:00:00;91,8;36,5;0,8;7,7;56,7;112,4;2134
2012-07-12 04:00:00;96,6;39,2;0,6;7,5;60,8;113;2174
2012-07-13 05:00:00;72,2;33,7;0,2;6,6;48,5;99,5;2180
2012-07-14 05:00:00;71,1;33,6;0,3;7,5;51;98;2177
2012-07-15 05:00:00;74,3;33,7;0,5;6,3;53,6;100,6;2184
2012-07-16 05:00:00;73,6;35,3;0,3;6,6;50,5;99,8;2179
2012-07-17 05:00:00;72,5;34,1;0,1;6,9;51,5;99,6;2171
2012-07-18 05:00:00;73,4;34,3;0,6;6,5;51,3;99,2;2177
2012-07-19 05:00:00;72,6;32,3;0,7;6,9;56,5;99,9;2163
2012-07-20 05:00:00;70,9;34;0,4;6,9;47,7;97,6;2137
2012-07-21 05:00:00;73,9;34,6;0,5;6,2;47,3;101,1;2139
2012-07-22 05:00:00;74,7;35,8;0,2;6,6;51,1;101,6;2150
2012-07-23 05:00:00;74,4;35,7;0,9;6,2;57,3;101,1;2141
2012-07-24 05:00:00;72,5;34,7;0,5;7;47,6;99,6;2118
2012-07-25 05:00:00;72,5;35,7;0,4;8,1;50,5;100,2;2123
2012-07-26 05:00:00;72,2;33,2;0,4;7,2;49,9;98,8;2095
2012-07-27 05:00:00;75;36,4;0,8;7,1;47,4;101,6;2128
2012-07-28 05:00:00;73,3;32,7;0,6;7;57,2;99,5;2139
2012-07-29 05:00:00;73,6;36,7;0;6,2;49,7;100,2;2140
2012-07-30 05:00:00;74;38,2;0,5;6,4;45,2;100,7;2146
2012-07-31 05:00:00;75,4;36;0,3;7,3;50,6;101,7;2140
2012-08-01 08:00:00;40,8;23;0,5;4,6;35,3;69,9;1768
2012-08-02 08:00:00;46,7;23,9;0,2;5;38,8;73,2;1790
2012-08-03 08:00:00;51,9;29,5;0,3;5;33,9;77,5;1841
2012-08-04 09:00:00;56,5;27,7;0;6,1;42,2;81,9;1884
2012-08-05 09:00:00;64,8;29,9;1;6,1;40,2;87,4;1999
2012-08-06 09:00:00;67,4;34;0,4;6,5;43,6;94,2;2172
2012-08-07 09:00:00;70,7;34,4;1,1;7,2;49,9;98,9;2186
2012-08-08 09:00:00;75,8;35,5;0,1;7,5;48,2;101,7;2170
2012-08-09 09:00:00;80,1;38,4;0,2;6,6;49,7;105,7;2210
2012-08-10 09:00:00;87,3;35,4;0,1;7,2;59,5;108,9;2149
2012-08-11 12:00:00;91,6;40,8;0,2;7,2;47,1;111,1;2121
2012-08-12 12:00:00;99,7;37,1;0,7;7,9;58,9;115,3;2184
2012-08-13 13:00:00;78,5;38,7;0,5;7;48,4;106;2246
2012-08-14 13:00:00;76;34,8;0,3;7,5;52,8;103,5;2215
2012-08-15 13:00:00;76,7;36,5;0,7;7,1;50,7;103,9;2220
2012-08-16 13:00:00;76;35,4;0,4;7,1;54,4;103,7;2202
2012-08-17 13:00:00;77,7;34,1;0,4;8,3;52,8;105;2202
2012-08-18 13:00:00;76,4;38;0,5;6,9;50,8;105;2239
2012-08-19 13:00:00;77,5;37;0,5;7,2;50,5;104,9;2188
2012-08-20 13:00:00;77,4;35,7;0,4;7,9;54;104,7;2215
2012-08-21 13:00:00;77,7;40,9;0,9;4,6;41,1;103,9;2205
2012-08-22 13:00:00;78,3;37;1,1;7,1;49,2;104,6;2207
2012-08-23 13:00:00;77,1;35,4;0,7;6,6;53,9;103,7;2195
2012-08-24 13:00:00;77,4;38;0,9;7;49,4;104,2;2207
2012-08-25 13:00:00;79;37,3;0,5;7,3;50,5;105,4;2206
2012-08-26 13:00:00;80,4;38,3;0,4;6,3;51,3;107,3;2215
2012-08-27 13:00:00;79,6;37,3;0,4;7,6;51,6;105,2;2207
2012-08-28 13:00:00;75,8;37,7;0,4;6,7;48,9;102,9;2193
2012-08-29 13:00:00;80,5;38,3;1,2;6,5;49,9;107,5;2223
2012-08-30 13:00:00;79,4;36,7;0,6;6,8;48,8;105,9;2191
2012-08-31 13:00:00;79,7;37,9;0,4;7,3;48,2;104,8;2184
2012-09-01 16:00:00;40,5;23,3;0,3;6,1;31,9;69,7;1773
2012-09-02 16:00:00;47,2;23,8;0;5,6;37,7;74,4;1803
2012-09-03 16:00:00;53,2;26,6;0,6;6,2;35,6;79,4;1865
2012-09-04 17:00:00;57,9;29,7;0,3;6,1;41,1;83,1;1920
2012-09-05 17:00:00;63,8;29,1;0,1;5,1;42,6;86,1;2001
2012-09-06 17:00:00;67,6;31,7;0,5;7,6;47,5;95,3;2203
2012-09-07 17:00:00;70,8;33,6;0,4;6,7;53,9;100;2196
2012-09-08 17:00:00;76,6;36,1;0,4;7,4;50,7;104;2167
2012-09-09 17:00:00;78,2;39,5;0,8;7,1;50,8;104,6;2207
2012-09-10 17:00:00;89,1;36;0;7,2;57,9;109,5;2174
2012-09-11 20:00:00;92,5;37,9;0,1;8,1;55,9;111,2;2125
2012-09-12 20:00:00;99;39,4;0;7,2;57,4;114,1;2170
2012-09-13 21:00:00;81,1;38;0,2;7,5;52,3;106,2;2194
2012-09-14 21:00:00;82,1;37,3;0,3;6,9;56,6;107,7;2193
2012-09-15 21:00:00;82,8;37,8;0,4;7,4;52,8;106,3;2195
2012-09-16 21:00:00;82;39,4;0,2;7,4;46,3;106,5;2199
2012-09-17 21:00:00;82,3;35,8;0,3;6,4;58,6;106,1;2186
2012-09-18 21:00:00;83,3;37,4;0,3;6,8;53;105,8;2195
2012-09-19 21:00:00;81,5;36,6;0,3;7,8;55,4;105,8;2192
2012-09-20 21:00:00;81,6;39,6;0,2;6,2;53,8;105,6;2191
2012-09-21 21:00:00;83,7;38,6;0,6;6,5;51,8;106,7;2171
2012-09-22 21:00:00;83,5;37,5;0,1;7,5;52,6;106,3;2146
2012-09-23 21:00:00;83,8;35,8;0,3;5,9;54,2;105,3;2126
2012-09-24 21:00:00;84,6;40,1;0,5;6,8;50;106,1;2145
2012-09-25 21:00:00;85;36,5;0,4;7,3;55,8;107,3;2168
2012-09-26 21:00:00;83,4;37,2;0,1;6,9;56,8;107,7;2167
2012-09-27 21:00:00;84,4;37,2;0,3;7,1;53,8;109,4;2198
2012-09-28 21:00:00;83,6;39,6;0,7;8,2;49,2;106,6;2132
2012-09-29 21:00:00;83,2;37;0,6;6,6;57,4;106,8;2159
2012-09-30 21:00:00;83,7;38,4;0;7,2;56,4;107,5;2180
2012-10-02 00:00:00;47,2;23,1;0,5;5,4;36,9;74,5;1806
2012-10-03 00:00:00;51,1;25,3;0,3;6,4;39,2;76;1833
2012-10-04 01:00:00;55,9;30,8;0,3;6,1;39,3;82,1;1904
2012-10-05 01:00:00;62,4;29,8;0,4;6,4;43,4;85,6;1981
2012-10-06 01:00:00;67,4;32,7;0,3;6,5;44,7;96,2;2196
2012-10-07 01:00:00;72,7;35,9;0,6;7;51,6;100,9;2214
2012-10-08 01:00:00;77,9;36;0,2;6,6;50,8;103,9;2197
2012-10-09 01:00:00;80,2;40,6;0,3;7,4;46,7;107,2;2210
2012-10-10 01:00:00;90,2;38,7;0,5;6,6;52,7;110,2;2172
2012-10-11 04:00:00;94,5;40,3;0,7;7,4;56,3;112,8;2130
2012-10-12 04:00:00;96,6;38,5;0,4;6,9;58,5;111;2127
2012-10-13 05:00:00;89,1;37,1;0,5;7,7;53,6;109,2;2172
2012-10-14 05:00:00;86,5;38,7;0,2;7,4;56,3;108,7;2133
2012-10-15 05:00:00;86,6;36,4;0,5;7,1;58,6;108,2;2157
2012-10-16 05:00:00;87,5;36,3;0,7;7;57,4;108,4;2158
2012-10-17 05:00:00;88,8;38,5;0,4;8,1;55,3;108,5;2146
2012-10-18 05:00:00;89,1;35,9;0,1;7,5;60,7;110,6;2154
2012-10-19 05:00:00;88,6;37,4;0,5;7,3;57,6;108,9;2157
2012-10-20 05:00:00;88,1;37;0,2;6,7;57,2;108,7;2140
2012-10-21 05:00:00;86,4;37;0,4;7,3;56,2;108,2;2148
2012-10-22 05:00:00;88,6;37,7;0,2;6,5;54,2;110,3;2162
2012-10-23 05:00:00;86,9;38,9;1;7,5;53,7;107,5;2139
2012-10-24 05:00:00;87,9;34,4;0,6;8;59,1;108,8;2140
2012-10-25 05:00:00;87,3;39,3;0,5;7,4;51,5;108;2148
2012-10-26 05:00:00;89,4;39,8;0,4;7,1;51,7;107,4;2105
2012-10-27 05:00:00;91,2;38,1;0,9;7,7;57,5;109,3;2145
2012-10-28 08:00:00;93,2;40,6;0,5;7;56,5;111,3;2179
2012-10-29 08:00:00;93;40,8;0,6;7,1;55,1;112,7;2167
2012-10-30 08:00:00;87,4;39;0,6;7,8;54,3;106,5;2128
2012-10-31 08:00:00;91,2;41,1;0,8;7,3;55,1;109,5;2145
2012-11-01 08:00:00;41,4;23,3;0,5;5,3;33;70,3;1782
2012-11-02 08:00:00;46,7;23,3;0,3;5,3;37,3;73,8;1804
2012-11-03 08:00:00;51,9;27,6;0,4;6,1;39,2;78,4;1857
2012-11-04 09:00:00;58,6;30,2;0,1;5,5;33,1;83,6;1909
2012-11-05 09:00:00;64;28,3;0,5;8;43,9;86,2;2019
2012-11-06 09:00:00;68,3;31,7;0,1;6,1;48,3;97;2213
2012-11-07 09:00:00;72,1;34,8;0,6;6,8;50,6;99,4;2193
2012-11-08 09:00:00;76;37;0,2;7,8;50,4;102,6;2184
2012-11-09 09:00:00;80,2;40,8;0,4;6,9;49,1;105,3;2202
2012-11-10 09:00:00;88,2;38,3;0,3;7;55,3;109,5;2164
2012-11-11 12:00:00;93,8;41,8;0,3;7,3;47,7;112,7;2160
2012-11-12 12:00:00;97,5;40,4;0,2;7,5;56,1;111,2;2143
2012-11-13 12:00:00;89,6;38,2;0,6;7,5;58,6;111;2151
2012-11-14 12:00:00;91,4;36,1;0,8;8;62,6;112,1;2151
2012-11-15 12:00:00;93;38,2;0,2;7,9;57,5;114;2174
2012-11-16 12:00:00;90,3;41,9;0,4;6,5;55,5;110,6;2147
2012-11-17 12:00:00;92,9;40,8;0,2;7,2;53;111,6;2134
2012-11-18 12:00:00;91,4;37,9;0,1;7,3;60,3;110,5;2133
2012-11-19 12:00:00;94,1;38,8;0,3;7,2;56,5;112,5;2149
2012-11-20 12:00:00;93,2;40,1;0,6;7,3;52,8;113,1;2152
2012-11-21 12:00:00;93,3;39,7;0,5;6,8;58,2;112;2162
2012-11-22 12:00:00;94,7;39,1;0,3;7,4;61,1;114,8;2190
2012-11-23 12:00:00;94,5;39,8;0,2;7,4;56,3;113,1;2173
2012-11-24 12:00:00;93,9;38;0;6,9;60,4;112,2;2155
2012-11-25 12:00:00;93,7;37;0,6;7,8;58,3;111,4;2179
2012-11-26 12:00:00;95,1;39,6;0,3;7,8;58,8;112,2;2177
2012-11-27 12:00:00;95,8;40,2;0;7,7;58,3;112,3;2175
2012-11-28 12:00:00;92,1;40,1;0,3;6,9;57,2;109,6;2163
2012-11-29 12:00:00;97,2;42;0,2;6,6;50,9;111,9;2191
2012-11-30 12:00:00;97,7;39,9;0,3;6,5;57,8;113;2187
2012-12-01 12:00:00;40,9;20,3;0,7;5,4;40,4;70,6;1762
2012-12-02 12:00:00;48,2;24,2;0;5,1;37,1;74,6;1812
2012-12-03 12:00:00;52,1;25,3;0,4;5,4;44,8;78,7;1860
2012-12-04 13:00:00;57,9;25;0;6,9;41,5;83;1906
2012-12-05 13:00:00;66,4;28;0,1;6,2;47,7;88,8;2049
2012-12-06 13:00:00;65,9;34;0,4;7,4;43,7;91;2181
2012-12-07 13:00:00;70,2;34,1;0;7,7;49,4;97,9;2176
2012-12-08 13:00:00;79;35,1;0,2;7,6;51,5;104,9;2230
2012-12-09 13:00:00;81,2;36,7;0,6;5,9;54,1;105,6;2183
2012-12-10 13:00:00;86,1;38,2;0,2;7,4;56,9;108,5;2167
2012-12-11 16:00:00;90,5;41,7;0,6;7,2;45,9;109,9;2126
2012-12-12 16:00:00;99,3;42,3;0,4;7,5;57,1;113,2;2150
2012-12-13 16:00:00;99,7;36,6;0,2;7,8;63,6;113,2;2131
2012-12-14 16:00:00;99,5;40,5;0,5;7,5;61,1;112,9;2140
2012-12-15 16:00:00;96,5;40,2;0,2;6,8;58,4;112,9;2145
2012-12-16 16:00:00;98,3;37,4;0,4;7,5;61,9;114,2;2123
2012-12-17 16:00:00;98,6;41,4;0,2;7,3;57,5;113,4;2132
2012-12-18 16:00:00;100,5;42;0,4;7,4;57,7;116,3;2144
2012-12-19 16:00:00;97,5;40;0,2;7,2;56,4;112,9;2123
2012-12-20 16:00:00;101,2;40,4;0,5;8,1;58,9;116;2136
2012-12-21 16:00:00;97,6;41,1;0,4;7;57,1;113,7;2122
2012-12-22 16:00:00;99;40,6;0,5;7,1;59,5;115,2;2132
2012-12-23 16:00:00;98;42,6;0,2;7,5;56,3;113,7;2105
2012-12-24 16:00:00;99,8;41;0,2;7,3;57;116,1;2126
2012-12-25 16:00:00;99,7;40,6;0,2;8;60,3;115,7;2112
2012-12-26 16:00:00;99,3;41,8;0,4;7,3;54,2;114,7;2114
2012-12-27 16:00:00;99,4;39,7;0;7,7;60,3;112,6;2097
2012-12-28 16:00:00;98,8;40,7;0,3;7,5;61,6;114,9;2135
2012-12-29 16:00:00;98,3;43,3;0;6,7;54,2;113,9;2082
2012-12-30 16:00:00;98,8;41,6;0,2;6,8;55,3;113,1;2115
2012-12-31 16:00:00;99,5;39,6;0;8,7;59,2;114;2124
2013-01-01 16:00:00;99,7;40,7;0,2;8,1;57,5;114,5;2114
2013-01-02 16:00:00;106,3;40,9;0,4;8,3;63,4;117,9;2113
2013-01-03 16:00:00;0;4,7;1,9;4,5;0,4;0;612
2013-01-04 21:00:00;0;3,4;2,7;4,3;0,5;0,3;604
2013-01-06 03:00:00;81,6;43,4;0,7;9,9;82,3;134,6;2325
2013-01-07 03:00:00;87;46;1;11,6;95,2;142,8;2420
2013-01-08 03:00:00;90,6;50,3;0,9;12,6;100,2;158,9;2655
2013-01-09 03:00:00;89,7;50,1;0,9;11,6;105,7;161;2506
2013-01-10 03:00:00;89,4;51,6;0,8;12,2;112,3;164,1;2456
2013-01-11 10:00:00;93,6;53,7;0,8;11,8;111;170,4;2499
2013-01-12 10:00:00;96,3;54;0,7;11,7;110,9;173,2;2459
2013-01-13 12:00:00;99,7;39,9;0,5;7,5;62;113,9;2082
2013-01-14 12:00:00;101,9;40,8;0,4;7,1;62,8;115,2;2069
2013-01-15 12:00:00;99,6;39,8;0,3;7,1;57,6;112,7;2066
2013-01-16 12:00:00;104;41,4;0,3;7,3;58,6;115,5;2070
2013-01-17 12:00:00;104,5;40,1;0,1;7,5;64,6;114,5;2081
2013-01-18 12:00:00;101,7;38,1;0,3;6,9;62,2;112;2059
2013-01-19 12:00:00;105,1;39,1;0,2;7,5;67,5;114,3;2080
2013-01-20 12:00:00;103,3;39,1;0,4;7;66,1;114,4;2097
2013-01-21 12:00:00;106,1;39,7;0,3;7,9;64,5;117,1;2090
2013-01-22 12:00:00;105,5;40,8;0,1;7,2;61,4;115,9;2101
2013-01-23 12:00:00;105,9;40;0,2;7,8;65,3;116,2;2079
2013-01-24 12:00:00;105;40,6;0,2;7,2;59,4;115,5;2096
2013-01-25 12:00:00;105,7;41,2;0,4;7,7;62,9;117,5;2089
2013-01-26 12:00:00;104,6;40,9;0,6;7,4;59,9;117,1;2100
2013-01-27 12:00:00;104,7;40,9;0,4;7,4;62,6;118,3;2102
2013-01-28 12:00:00;106,2;42,4;0,5;7,5;61;117,1;2103
2013-01-29 12:00:00;104;39,4;0,4;7,8;65,2;116,2;2099
2013-01-30 12:00:00;105,2;41,6;0,3;7;59;116,7;2099
2013-01-31 12:00:00;105,1;44,5;0,3;7,9;57,1;117;2111
2013-02-01 12:00:00;100,1;39,8;0,4;6,7;60,3;115,2;2143
2013-02-02 12:00:00;104,8;40,4;0,2;7,4;61;115,2;2106
2013-02-03 12:00:00;0;2;2,1;4,6;2,2;0;598
2013-02-04 13:00:00;0;4;2,7;4,4;0,3;0,5;595
2013-02-05 19:00:00;83,4;41,6;0,9;7,8;65,4;127,7;2157
2013-02-06 19:00:00;82,2;43;0,9;9,9;83,9;134,6;2319
2013-02-07 19:00:00;89,1;45,7;1,1;11;92,9;144,5;2450
2013-02-08 19:00:00;86,9;49,1;1;13,3;105,5;154,9;2648
2013-02-09 19:00:00;91;50,9;1,2;11,2;101,5;162,6;2514
2013-02-10 19:00:00;92,7;51,6;1;11,7;103,7;167,2;2477
2013-02-12 02:00:00;95,5;53,9;0,7;12,1;113,7;172,3;2455
2013-02-13 04:00:00;97,9;42,9;0,6;7,2;55,3;114,9;2074
2013-02-14 04:00:00;0;2,9;1,3;4,5;2,4;0,5;562
2013-02-15 04:00:00;101,1;40,3;1,2;7,6;59,6;114,2;2090
2013-02-16 04:00:00;104,5;42,5;0,8;7,3;55,4;115,7;2095
2013-02-17 04:00:00;92,5;40,4;1;7,5;59,9;112,9;2090
2013-02-18 04:00:00;102,6;40,2;0,9;8,6;55,8;113,7;2089
2013-02-19 04:00:00;104,8;41,3;0,1;8;57,6;115,1;2089
2013-02-20 04:00:00;104,4;41,2;0,8;7,2;60,8;115;2124
2013-02-21 04:00:00;0;3,4;1,9;6;1,6;0;596
2013-02-22 04:00:00;0;4;2,4;6;2,9;0;597
2013-02-23 04:00:00;0;3,6;1,9;4,6;1,7;0;601
2013-02-24 04:00:00;0;3,5;2,2;5;1,1;0;599
2013-02-25 04:00:00;0;1,9;2,1;7,3;7,8;0,7;647
2013-02-26 04:00:00;101,4;41,6;0,9;7,7;61;114,4;2046
2013-02-27 04:00:00;0;2,6;2,6;4,9;3,2;0;626
2013-02-28 04:00:00;98;44,9;0,8;7;60,7;115,9;2148
2013-03-01 04:00:00;99;43,2;0,2;6,4;58,1;116,4;2150
2013-03-02 04:00:00;103,5;42,1;0,2;8;59,1;116;2112
2013-03-03 04:00:00;0;3,6;2;4,4;0,7;0;615
2013-03-04 05:00:00;0;4,4;2,6;4,2;0,2;0;613
2013-03-05 11:00:00;82,7;42,1;0,7;7,4;65,3;127,5;2170
2013-03-06 11:00:00;83,3;43,1;0,9;10,3;86,1;135,2;2324
2013-03-07 11:00:00;88;46,9;1;11,1;89,6;144;2445
2013-03-08 11:00:00;88,6;50,2;0,8;13,4;104,4;159,4;2698
2013-03-09 11:00:00;90,4;50,4;1;11,4;103,4;162,3;2511
2013-03-10 11:00:00;92,7;51,2;1;11,4;108,9;166,7;2485
2013-03-11 18:00:00;95,5;56,9;0,9;11,6;104,8;174,2;2539
2013-03-12 18:00:00;95,9;54,4;0,9;11,8;111,3;172,8;2459
2013-03-13 20:00:00;0;3,2;2,4;4,3;1,2;0,5;596
2013-03-14 20:00:00;88,7;41,8;1,1;6,9;62,9;112,9;1918
2013-03-15 20:00:00;0;3,5;2,4;4,8;0,2;0,2;584
2013-03-16 20:00:00;0;3,3;2,2;4,2;0,8;0,4;581
2013-03-17 20:00:00;0;3,3;2,2;4,2;1,7;0,4;591
2013-03-18 20:00:00;0;4,2;2,3;4,4;1,1;0,3;589
2013-03-19 20:00:00;0;3,2;2,2;4,6;1;0,4;604
2013-03-20 20:00:00;0;3,4;2,3;4,3;0,7;0,1;596
2013-03-21 20:00:00;0;3,8;2,3;4;0;0;602
2013-03-22 20:00:00;0;3,4;2,4;4,6;0;0,4;601
2013-03-23 20:00:00;0;3,7;2,6;4,5;0,5;0,2;602
2013-03-24 20:00:00;0;3,4;2,5;4,5;1,1;0,2;600
2013-03-25 20:00:00;0;3,5;2,6;4,3;0,5;0,3;610
2013-03-26 20:00:00;0;4;2,3;4,3;0,4;0,1;601
2013-03-27 20:00:00;0;3,3;2,4;4,8;0,1;0,3;607
2013-03-28 20:00:00;0;3;2,6;4,6;1,1;0,4;603
2013-03-29 20:00:00;0;3,3;2,6;4,5;0,7;0,5;600
2013-03-30 20:00:00;0;3,9;2,3;3,6;0;0;599
2013-03-31 21:00:00;0;3,7;2,5;4,4;0;0,3;600
2013-04-02 00:00:00;103,3;39,8;0,6;7,5;66,2;117,3;2120
2013-04-03 00:00:00;0;3,5;2,3;9,1;7,8;1,5;622
2013-04-04 05:00:00;0;4,2;2,4;4,8;0,8;0,4;610
2013-04-05 11:00:00;82,3;42,5;0,7;7,8;69,1;128,8;2175
2013-04-06 11:00:00;82,6;43,3;0,8;10,5;87,9;137;2319
2013-04-07 11:00:00;87,4;46,8;1;10,9;92,8;143,7;2437
2013-04-08 11:00:00;84,9;47,6;1;13;101,6;152;2629
2013-04-09 11:00:00;89,6;51,3;0,9;12,4;107,1;162,5;2509
2013-04-10 11:00:00;92;51,7;1,1;11,9;108;167,8;2485
2013-04-11 18:00:00;93,6;53,3;0,7;11,8;105,9;170,3;2509
2013-04-12 18:00:00;95,3;54,8;0,9;11,9;113,6;172,9;2445
2013-04-13 21:00:00;0;3,8;2,5;5;0,9;0,1;594
2013-04-14 21:00:00;0;3,5;2,2;4,7;0,8;1,1;583
2013-04-15 21:00:00;0;3,3;2,5;4,9;0,1;0;589
2013-04-16 21:00:00;0;3,9;2,1;4,3;2,3;0,2;587
2013-04-17 21:00:00;0;3,1;2,6;4,1;0,6;0,1;574
2013-04-18 21:00:00;0;3,1;2,5;4,2;0,4;0,9;576
2013-04-19 21:00:00;0;3,8;2,6;2,9;1,7;0,6;598
2013-04-20 21:00:00;0;4,6;2;3,1;1,9;0,2;588
2013-04-21 21:00:00;0;3,7;2,9;4;0,8;0,4;585
2013-04-22 22:00:00;23;41,9;0,7;7,5;62,5;126,9;2116
2013-04-24 03:00:00;78,1;39,7;0,9;6,8;61,7;126,6;2124
2013-04-25 03:00:00;78,1;40;0,9;7,1;59,7;125,5;2112
2013-04-26 03:00:00;78,8;41,4;0,7;7,5;61,9;125,8;2121
2013-04-27 03:00:00;80,3;40,8;0,7;7,3;64;126,3;2126
2013-04-28 03:00:00;81,8;41,3;0,8;7;63,8;127,1;2139
2013-04-29 03:00:00;81,5;41,3;0,7;7;64,1;127,4;2150
2013-04-30 03:00:00;81,8;42,3;0,6;7,2;63,7;127;2145
2013-05-01 04:00:00;98,9;42,3;0,5;7,3;57,1;114,7;2143
2013-05-02 04:00:00;107,4;43,1;0,6;7,5;62,5;117,1;2117
2013-05-03 04:00:00;0;2,8;2,1;4,5;2,4;0;603
2013-05-04 05:00:00;0;2,8;2,5;4,1;0,8;0,2;599
2013-05-05 11:00:00;83,9;41,8;0,8;8,3;68,8;128,5;2182
2013-05-06 11:00:00;82,9;44,1;0,8;10,3;85,9;136,4;2323
2013-05-07 11:00:00;89,3;46,6;1,1;11,1;90,8;145,4;2445
2013-05-08 11:00:00;90,2;51,8;0,8;13,7;103,3;161,9;2732
2013-05-09 11:00:00;87,1;50,2;0,9;12,1;107,8;160,3;2480
2013-05-10 11:00:00;90,4;50,6;1;11,7;106,5;165,2;2472
2013-05-11 18:00:00;97,3;56,6;0,9;11,5;104,3;176,6;2563
2013-05-12 18:00:00;94,2;54,2;0,6;11,9;113,9;172,9;2448
2013-05-13 19:00:00;81,6;43,7;0,6;7,5;66,7;130,7;2141
2013-05-14 19:00:00;81,1;42,4;0,8;8,3;72,7;130;2148
2013-05-15 19:00:00;82,1;44,4;0,8;7,7;65,4;131,3;2177
2013-05-16 19:00:00;80,8;43;0,6;8,8;73,8;130;2174
2013-05-17 19:00:00;81,1;42,6;0,8;8,9;76,1;129,9;2192
2013-05-18 19:00:00;82,2;43,9;0,8;9,2;78,3;130,5;2207
2013-05-19 19:00:00;82;42;0,8;9,4;81,2;130,5;2220
2013-05-20 19:00:00;81,6;42,1;0,7;9,5;79,6;131,3;2237
2013-05-21 19:00:00;81,4;43,3;0,8;9,1;78,9;131,9;2239
2013-05-22 19:00:00;81,5;44,7;0,7;9,9;86,6;132,3;2256
2013-05-23 19:00:00;81,1;44,4;0,6;9,4;82,3;132;2266
2013-05-24 19:00:00;81,3;44;0,9;9,7;82,4;131,5;2271
2013-05-25 19:00:00;82,4;43,8;0,7;9,4;79,3;132,9;2292
2013-05-26 19:00:00;82,7;42,8;0,7;10,3;83;133,6;2317
2013-05-27 19:00:00;82,5;42,5;0,7;10,1;85,4;135,3;2337
2013-05-28 19:00:00;84,2;44,5;0,8;8,8;68,4;136,6;2362
2013-05-29 19:00:00;83,4;43,5;0,7;10,3;88,4;135,1;2360
2013-05-30 19:00:00;82,6;43,8;0,5;10,3;83,6;134,6;2343
2013-05-31 19:00:00;81,1;44;0,7;10,2;85,7;134,6;2327
2013-06-01 20:00:00;97,3;39,9;1,2;7,4;62,3;114,6;2150
2013-06-02 20:00:00;108,1;39,7;0,9;8;59,7;117,3;2085
2013-06-03 20:00:00;0;2,9;2,2;4,5;1,9;0,1;605
2013-06-04 21:00:00;0;3,6;2,6;4;0,4;0,6;605
2013-06-06 03:00:00;82,1;44,5;0,8;10,5;86,4;136,5;2317
2013-06-07 03:00:00;87,7;45,8;1,1;11,2;93,3;144;2439
2013-06-08 03:00:00;88,2;50,3;0,8;13,2;104,9;158,5;2687
2013-06-09 03:00:00;88,3;50,3;0,8;11,4;102,9;161,8;2495
2013-06-10 03:00:00;90,6;51,9;1,1;11,7;105,6;165,1;2468
2013-06-11 10:00:00;94,3;54,2;0,8;11,7;105,9;170,6;2511
2013-06-12 10:00:00;94,4;55,1;0,7;12,2;112,5;172,2;2458
2013-06-13 11:00:00;82,1;44,4;0,7;10,3;88,8;137,3;2323
2013-06-14 11:00:00;83,5;44,8;1;10,5;89,3;137,7;2331
2013-06-15 11:00:00;82,7;45,2;0,8;10,5;88,3;138,5;2336
2013-06-16 11:00:00;83,7;45,2;0,9;10,9;91,9;138,5;2341
2013-06-17 11:00:00;84,2;45,2;0,9;10,6;89,6;138,9;2351
2013-06-18 11:00:00;83,8;44,8;0,9;10,9;95,4;138,6;2362
2013-06-19 11:00:00;84;45,2;0,8;11,2;95,9;140,2;2361
2013-06-20 11:00:00;83,9;46,5;1;10,2;87,2;139,1;2354
2013-06-21 11:00:00;83,9;45,5;1;10,3;89;139,1;2362
2013-06-22 11:00:00;84,3;46,5;0,9;10,1;87,2;140,5;2374
2013-06-23 11:00:00;86,8;45,2;0,8;10,7;89,5;140,5;2385
2013-06-24 11:00:00;86,1;46,5;0,8;10,1;88,8;140,2;2371
2013-06-25 11:00:00;88;47,1;1;10,3;89,4;140,9;2383
2013-06-26 11:00:00;87;45,7;0,7;10,8;87,3;141,8;2392
2013-06-27 11:00:00;88,3;45,4;1;10,8;91,9;141,5;2403
2013-06-28 11:00:00;89,4;46,8;1;11;91,3;143,5;2415
2013-06-29 11:00:00;87;46,3;0,9;10,7;89,5;141,5;2397
2013-06-30 11:00:00;88,4;45,8;1,1;10,9;90,8;143,2;2426
2013-07-01 12:00:00;96,1;43,4;0,3;7,9;54,3;113,5;2127
2013-07-02 12:00:00;107,3;40,1;0,9;7,8;57,3;116,3;2087
2013-07-03 12:00:00;0;3,6;2,4;4,5;0,8;0,4;603
2013-07-04 13:00:00;0;3,8;2,4;4,4;0,2;0;601
2013-07-05 19:00:00;81,7;42,3;0,6;8,7;76;129,3;2198
2013-07-06 19:00:00;82,6;44,4;0,7;10,4;87,6;136,8;2321
2013-07-07 19:00:00;88,8;46,4;0,9;12;96,1;145,3;2478
2013-07-08 19:00:00;90,5;50,6;0,9;13,1;106,1;162,3;2731
2013-07-09 19:00:00;89,3;50,5;0,9;11,6;104,6;162,3;2487
2013-07-10 19:00:00;92,5;52,1;1,2;11,6;104;168,2;2494
2013-07-12 02:00:00;95,6;54;0,8;12,8;114,8;172,7;2475
2013-07-13 03:00:00;88,9;47;1;12,1;97,8;147,9;2525
2013-07-14 03:00:00;87,3;46,9;0,8;11,6;96,7;147,9;2512
2013-07-15 03:00:00;88,9;47,6;1;11,1;94;148,5;2523
2013-07-16 03:00:00;88,5;46,9;1,1;12,1;98,1;147,5;2536
2013-07-17 03:00:00;88,9;49,1;1;11,7;96,3;149,3;2540
2013-07-18 03:00:00;88,9;47,4;1,1;12,1;98,4;149,5;2544
2013-07-19 03:00:00;90;47,5;1;12,1;99,1;153,4;2562
2013-07-20 03:00:00;87,6;47,5;1,1;11,2;95,1;148,5;2480
2013-07-21 03:00:00;89,2;48,6;0,9;11,3;97,4;152,2;2491
2013-07-22 03:00:00;90,3;49,1;1,1;11,4;92,3;153,7;2488
2013-07-23 03:00:00;88,5;48,2;1,1;11,1;95,1;150,2;2477
2013-07-24 03:00:00;88,2;47,2;1;11,4;96,1;151,8;2503
2013-07-25 03:00:00;88,8;48,4;1;11,7;96,4;153,8;2541
2013-07-26 03:00:00;88,7;48,3;1,1;12,2;97,8;152,6;2543
2013-07-27 03:00:00;87,7;47,6;1,1;12,1;97,6;153,1;2559
2013-07-28 03:00:00;88,9;48,4;0,9;12,3;99,2;153,9;2580
2013-07-29 03:00:00;86,7;47,9;0,8;12,2;97,8;152,4;2567
2013-07-30 03:00:00;86,1;48,5;0,9;12,1;96,7;152,7;2583
2013-07-31 03:00:00;88;48,8;1,1;12,9;99;155,2;2613
2013-08-01 04:00:00;97,8;41,4;0,4;7,8;55,6;114,5;2141
2013-08-02 04:00:00;106,7;39,1;0,9;8,1;59,5;115,9;2090
2013-08-03 04:00:00;0;2,9;2,1;4,7;0,6;0,6;590
2013-08-04 05:00:00;0;2,6;2,3;4,9;1,5;0,6;600
2013-08-05 11:00:00;83,6;41,8;0,8;8,3;74,4;129,7;2210
2013-08-06 11:00:00;82,7;43,2;0,9;10,1;88,1;137,3;2318
2013-08-07 11:00:00;89,4;46,2;1,1;11,5;94;145,5;2484
2013-08-08 11:00:00;90,5;51,9;1;13;104;162,1;2723
2013-08-09 11:00:00;89,4;50,9;0,9;11,2;104,6;161,9;2487
2013-08-10 11:00:00;90,4;51,2;1;11,3;105,6;165,1;2478
2013-08-11 18:00:00;94;54,3;0,8;11,4;111,1;170,5;2476
2013-08-12 18:00:00;96;53,2;0,8;12,8;115;173,9;2496
2013-08-13 19:00:00;88,5;51,6;0,9;11,9;102,5;159,4;2567
2013-08-14 19:00:00;90,1;49,8;1,1;12,2;104,6;159,5;2559
2013-08-15 19:00:00;89,6;51,1;1,1;12;102,4;161;2558
2013-08-16 19:00:00;88,7;50,7;0,9;12;102,6;160,7;2539
2013-08-17 19:00:00;87,2;50,1;1,1;11,5;99,8;159;2526
2013-08-18 19:00:00;88,3;49,8;0,8;12,3;104,8;160;2522
2013-08-19 19:00:00;88,4;49;1,1;12,2;104,7;159,4;2526
2013-08-20 19:00:00;89,7;49,7;0,9;11,9;103,8;160,8;2534
2013-08-21 19:00:00;89,3;48,6;1,1;11,7;106,2;159,8;2529
2013-08-22 19:00:00;89,9;49,6;1,2;12,1;107,5;161,5;2545
2013-08-23 19:00:00;89,4;49,6;1,1;12;102,8;161,3;2540
2013-08-24 19:00:00;87,4;49,1;1,1;11,6;103,3;160,4;2526
2013-08-25 19:00:00;89,4;49,5;1,1;12;106,4;160,6;2535
2013-08-26 19:00:00;89,6;50,3;1,1;11,8;102,4;162,1;2532
2013-08-27 19:00:00;88,9;50,7;1;12;100;161,2;2522
2013-08-28 19:00:00;88,9;50,2;0,8;11,6;104,1;161,8;2513
2013-08-29 19:00:00;89,7;50,4;1,1;12;103,8;161,3;2517
2013-08-30 19:00:00;88,6;51,6;0,8;12,2;107,7;161,7;2519
2013-08-31 19:00:00;88,8;49,6;0,9;11,8;106,8;160,5;2503
2013-09-01 20:00:00;100,8;43,5;0,1;7,6;55,3;117,4;2138
2013-09-02 20:00:00;105,6;40,1;0,8;7,4;59,4;116,2;2092
2013-09-03 20:00:00;0;3,3;2,3;4,6;0,3;0,3;594
2013-09-04 21:00:00;0;4,6;2,4;4,5;1,6;0,4;594
2013-09-06 03:00:00;82,8;44,5;0,9;10,3;85,6;137,6;2324
2013-09-07 03:00:00;88,9;47;0,9;12,5;97;145,9;2484
2013-09-08 03:00:00;90,4;50,4;0,9;13,7;107,6;160,3;2698
2013-09-09 03:00:00;89,9;51;1;11,9;105,7;162,1;2477
2013-09-10 03:00:00;91,3;52,8;1;12,2;106,3;167,8;2487
2013-09-11 10:00:00;94;54,3;0,7;11,4;106,4;169,8;2458
2013-09-12 10:00:00;96,7;54,1;0,8;12,6;115,3;175,1;2488
2013-09-13 11:00:00;88;50,6;1;11,2;104,2;161;2433
2013-09-14 11:00:00;89,6;51,4;0,9;11,7;107,6;161,5;2412
2013-09-15 11:00:00;91,5;51,5;0,9;11,1;105,1;162,7;2415
2013-09-16 11:00:00;90,1;51,2;0,8;10,9;103,9;162,8;2418
2013-09-17 11:00:00;90;50,6;0,7;11;104,9;162,3;2445
2013-09-18 11:00:00;89,3;50,8;0,8;11,8;106,8;161;2446
2013-09-19 11:00:00;91,1;52;1;12,1;108,1;163,3;2469
2013-09-20 11:00:00;89,3;51,4;0,9;11,4;101,8;162,2;2462
2013-09-21 11:00:00;92;51,7;0,9;11,7;100,7;164,1;2481
2013-09-22 11:00:00;91,6;51,3;0,8;11,8;105,1;164,5;2491
2013-09-23 11:00:00;92,5;52,5;0,9;12;104,6;165,5;2495
2013-09-24 11:00:00;91,3;52,2;0,9;12,2;107,1;165,2;2483
2013-09-25 11:00:00;91,1;51,8;0,9;11,7;106,2;165,7;2483
2013-09-26 11:00:00;89,4;51,8;0,8;12;104,9;164,4;2471
2013-09-27 11:00:00;91,6;52,7;1;11,9;106,8;165,9;2478
2013-09-28 11:00:00;91,3;52,3;0,7;11,9;105,7;165,7;2480
2013-09-29 11:00:00;89,1;53,7;0,9;12,2;108,9;164;2465
2013-09-30 11:00:00;91;52,2;1;11,7;103,1;166,4;2474
2013-10-01 12:00:00;102,2;37,7;0,6;6,5;63,4;115,9;2135
2013-10-02 12:00:00;105,7;39;0,8;7,5;63,4;117,6;2101
2013-10-03 12:00:00;0;2,4;2,3;4,6;1,5;0;598
2013-10-04 13:00:00;0;3,4;2,2;4,5;0,8;0,4;595
2013-10-05 19:00:00;81,2;42,3;0,7;8,4;72,4;128,9;2187
2013-10-06 19:00:00;83;45,9;0,8;10,2;87,4;137,7;2328
2013-10-07 19:00:00;88,7;46;0,9;11,7;97,8;146,5;2510
2013-10-08 19:00:00;88,9;50,5;1,1;12,9;105,1;159,2;2637
2013-10-09 19:00:00;90,4;51;1;11,9;106,8;161,4;2465
2013-10-10 19:00:00;90,7;53,1;0,7;11,4;104,9;167,1;2472
2013-10-12 02:00:00;95,9;54,7;0,7;12,3;113,8;175,5;2491
2013-10-13 03:00:00;92,6;52,9;0,7;11;105,6;167,8;2474
2013-10-14 03:00:00;92,8;52,7;0,8;11,7;108;168,3;2479
2013-10-15 03:00:00;92,1;51,8;0,8;11,7;106,9;167,3;2468
2013-10-16 03:00:00;90;52,7;0,9;11,5;108,3;164,9;2452
2013-10-17 03:00:00;92,1;53,5;0,9;12,1;110,5;167,7;2467
2013-10-18 03:00:00;90,9;51,8;1;11,4;107,8;166,1;2455
2013-10-19 03:00:00;92,2;51,6;1;11,5;107,8;167,3;2462
2013-10-20 03:00:00;93,3;52,7;1;11,3;106,4;169,5;2473
2013-10-21 03:00:00;93,2;52,8;1;11,8;104,8;170,2;2473
2013-10-22 03:00:00;92,5;52,2;1,1;11,4;105,8;167,6;2470
2013-10-23 03:00:00;91,2;52,1;0,9;11,8;106,3;167,2;2462
2013-10-24 03:00:00;92,4;54;0,9;11,1;107,9;169,3;2461
2013-10-25 03:00:00;91,1;52,5;0,7;11,4;105,7;166,8;2449
2013-10-26 03:00:00;93,4;52,4;0,9;11,8;108,3;169,9;2472
2013-10-27 10:00:00;92,5;54,7;0,8;11,5;105,1;170,2;2489
2013-10-28 10:00:00;92,8;55,2;0,7;12;110,4;169,8;2486
2013-10-29 10:00:00;92,4;53,4;0,9;11,6;106,2;168,6;2466
2013-10-30 10:00:00;94;54,7;0,7;11,8;106,3;169,7;2494
2013-10-31 10:00:00;92,1;53,8;0,7;11,9;107,2;167,7;2483
2013-11-01 12:00:00;101,6;41,4;0;7,1;59,7;116,9;2133
2013-11-02 12:00:00;105,2;40;0,7;7,9;55,8;114,3;2068
2013-11-03 12:00:00;0;2,7;2,3;4,4;1,8;0,5;598
2013-11-04 13:00:00;0;3;2,4;4,4;0,1;0;605
2013-11-05 19:00:00;82,4;44,1;0,6;7,8;65,7;130,4;2181
2013-11-06 19:00:00;84;44,7;0,9;10,3;90,6;138,1;2329
2013-11-07 19:00:00;88,4;46,5;1,2;11,6;95,4;146,2;2516
2013-11-08 19:00:00;87,5;49,1;0,8;12,2;104,6;157,5;2590
2013-11-09 19:00:00;91,9;51,1;1;12,1;110,5;163,2;2482
2013-11-10 19:00:00;92,2;53;0,9;11,5;108,4;166,7;2466
2013-11-12 02:00:00;96,6;53,5;0,9;12,7;116,6;175,4;2496
2013-11-13 02:00:00;94,8;52,2;0,7;11,6;110,1;169,5;2452
2013-11-14 02:00:00;93,8;53,1;0,8;11,4;107,5;169,4;2459
2013-11-15 02:00:00;95,2;54,5;0,8;11,6;107,7;169,8;2459
2013-11-16 02:00:00;95,2;54,8;1;11,8;107,1;170,7;2476
2013-11-17 02:00:00;94;54,5;0,9;12,4;113,6;171,2;2475
2013-11-18 02:00:00;94,7;53,6;0,9;12;108,9;172,5;2486
2013-11-19 02:00:00;96;57;0,7;12;104,4;176,6;2528
2013-11-20 02:00:00;94,4;53,2;0,8;11,8;113,2;170,2;2451
2013-11-21 02:00:00;93,3;54,8;0,7;11,1;106,9;171,3;2467
2013-11-22 02:00:00;93,7;53,7;0,7;11,5;111,2;169,7;2448
2013-11-23 02:00:00;95,7;54,3;0,8;12,1;113,6;170,8;2457
2013-11-24 02:00:00;94,9;53,1;0,6;12,7;115,1;170;2457
2013-11-25 02:00:00;94,9;53,6;0,7;12,5;116,4;170,4;2457
2013-11-26 02:00:00;96,8;54,4;0,9;12,4;115,4;172,2;2463
2013-11-27 02:00:00;96,5;53,8;0,8;12,4;113,7;171,8;2471
2013-11-28 02:00:00;94,9;54,2;0,9;12;110,6;172;2471
2013-11-29 02:00:00;95,3;54,1;0,8;12,3;110,2;171,9;2451
2013-11-30 02:00:00;93,2;54,8;1;12,1;112;170,1;2443
2013-12-01 04:00:00;102;43,2;0,3;7,3;57,7;115,1;2100
2013-12-02 04:00:00;0;2,3;1,6;6,3;3,5;0;585
2013-12-03 04:00:00;0;4,1;2,4;4,2;0,5;0,5;600
2013-12-04 05:00:00;0;3,9;2,5;4,1;0,4;0,3;593
2013-12-05 11:00:00;81,8;43,8;0,7;7,3;64,7;129,7;2161
2013-12-06 11:00:00;83,9;45;0,9;10,5;86;139,2;2331
2013-12-07 11:00:00;90,2;47,5;1;12,4;97,8;149,1;2539
2013-12-08 11:00:00;88,9;50,2;1;12,3;101,6;160,1;2593
2013-12-09 11:00:00;90,4;51,8;1;12,2;111,7;162;2481
2013-12-10 11:00:00;92,7;52,8;0,7;11,2;105,3;168,3;2474
2013-12-11 18:00:00;95;53,2;0,7;11,9;111;169,5;2447
2013-12-12 18:00:00;96,8;54,7;1;12,4;109,1;176,3;2515
2013-12-13 18:00:00;93,9;53,8;0,8;12;113,8;175,4;2512
2013-12-14 18:00:00;95,5;54,6;0,9;12,6;116,1;175,2;2513
2013-12-15 18:00:00;94,4;54,9;0,8;12,4;111,3;174,8;2518
2013-12-16 18:00:00;95,1;55,1;0,8;12,5;114,8;175,6;2521
2013-12-17 18:00:00;95,1;54,2;0,8;13;118,6;175,3;2521
2013-12-18 18:00:00;96,2;55,6;1,1;12,7;112,5;177,8;2546
2013-12-19 18:00:00;94,6;55,3;0,8;12,8;119,6;176,2;2533
2013-12-20 18:00:00;96,4;54;0,7;12,3;115,8;175;2529
2013-12-21 18:00:00;95,1;54,7;0,8;12,6;116,7;176,1;2550
2013-12-22 18:00:00;96,2;56;0,7;13;117,3;177,8;2568
2013-12-23 18:00:00;95,7;54,7;0,9;13,4;119,8;176,5;2570
2013-12-24 18:00:00;95,8;54,7;0,7;13,5;125,8;179,1;2593
2013-12-25 18:00:00;96;55;0,9;13,5;119;178,4;2634
2013-12-26 18:00:00;94,6;54,8;0,9;13,2;115;176,9;2609
2013-12-27 18:00:00;95,1;56,6;0,6;13,1;120,3;178,3;2592
2013-12-28 18:00:00;95,6;55,5;0,7;12,8;116,6;178,4;2606
2013-12-29 18:00:00;96,1;56,4;0,7;13,8;119;178,8;2603
2013-12-30 18:00:00;95,9;55,4;0,8;13,1;113,3;179,7;2624
2013-12-31 18:00:00;95,4;55,5;0,9;13,3;117,5;180,1;2623
2014-01-01 18:00:00;95,1;56,2;0,9;13,3;118,8;180,6;2629
2014-01-02 20:00:00;91,9;58,1;0,9;14;125,5;187,2;2617
2014-01-03 20:00:00;93,2;59,6;0,8;13,6;122;191,6;2572
2014-01-04 21:00:00;92,7;59,8;0,7;13,5;121,9;192,2;2422
2014-01-05 21:00:00;91,1;59,3;0,8;12,5;115,4;195,7;2458
2014-01-06 21:00:00;93,6;61;0,9;13,9;121,6;202,8;2641
2014-01-07 21:00:00;92,2;64,6;1;14;123,6;204,1;2596
2014-01-08 21:00:00;92,6;65;1;16,2;134,4;213;2770
2014-01-10 01:00:00;0;0,8;0,3;0,1;2,2;17,4;142
2014-01-11 01:00:00;0,1;1,3;0,3;0,5;2,8;23,2;128
2014-01-12 01:00:00;0,6;1,1;0,2;0,3;2;38,9;157
2014-01-13 04:00:00;89,1;53,7;0,8;13,8;117,6;178,7;2589
2014-01-14 04:00:00;89,7;54,6;0,6;13,4;116,8;180,9;2605
2014-01-15 04:00:00;90;55,8;0,9;13,4;113,3;181,1;2624
2014-01-16 04:00:00;89,5;54,7;0,7;13,8;118,2;182,6;2639
2014-01-17 04:00:00;90,3;55,7;0,9;14,2;119,5;184,3;2646
2014-01-18 04:00:00;90,8;56,1;0,7;13,7;119,1;185;2658
2014-01-19 04:00:00;91,2;55,3;1;13,4;111,4;185,5;2657
2014-01-20 04:00:00;91,1;56,2;0,9;13,7;119,2;185,1;2659
2014-01-21 04:00:00;90,4;56,2;0,8;13,1;112,6;184,6;2648
2014-01-22 04:00:00;91,7;56,4;0,9;13,5;116,2;185,7;2666
2014-01-23 04:00:00;91,7;57,5;1;13,8;116,3;186,7;2678
2014-01-24 04:00:00;91;55,8;0,9;13,8;119,1;185,3;2682
2014-01-25 04:00:00;91;56,8;1;13,6;115;185,3;2682
2014-01-26 04:00:00;90,5;56,9;0,8;14;119,1;185,2;2648
2014-01-27 04:00:00;91;56,4;0,8;13,4;117,7;186,1;2634
2014-01-28 04:00:00;91,1;56,5;0,9;13;118,1;186,7;2629
2014-01-29 04:00:00;91,7;56,9;0,9;13,5;118,5;187,4;2634
2014-01-30 04:00:00;90,2;57;0,7;13,3;117,6;184,8;2612
2014-01-31 04:00:00;91,4;56,7;0,6;13,8;119,2;185,9;2608
2014-02-01 10:00:00;95,5;55,7;0,7;13,4;118,4;180,8;2608
2014-02-02 12:00:00;91,7;56,8;0,9;13,5;118,7;187,3;2622
2014-02-03 12:00:00;92,8;59,6;0,8;13,7;122,2;192,2;2569
2014-02-04 13:00:00;92,3;59,2;0,7;13;121,8;191,6;2420
2014-02-05 13:00:00;92,3;60,9;0,7;13,3;118,9;197;2462
2014-02-06 13:00:00;93,1;61,1;0,8;14;119,2;203;2642
2014-02-07 13:00:00;92,6;62,5;0,8;14,5;127,2;205,5;2612
2014-02-08 13:00:00;93,1;63,2;1,3;15,7;135,5;213,4;2784
2014-02-10 01:00:00;0;1;0,4;0,2;1,5;17,7;137
2014-02-11 01:00:00;0,1;0,7;0,4;0,6;2;23,7;126
2014-02-12 01:00:00;0,6;1;0,1;0,4;2,9;39,6;157
2014-02-13 04:00:00;92,3;57,7;0,7;14,3;124,6;189,3;2650
2014-02-14 04:00:00;93,2;57,7;0,9;13,7;123,1;190,3;2643
2014-02-15 04:00:00;92,2;58,5;0,8;13,7;118,1;189,8;2633
2014-02-16 04:00:00;92;57,4;0,7;13,9;123,5;188,4;2611
2014-02-17 04:00:00;92,6;58,7;0,7;13,9;123;188,5;2611
2014-02-18 04:00:00;93,1;57,8;0,8;13,8;123,8;189,2;2610
2014-02-19 04:00:00;92,5;57,4;0,9;13,5;117,8;188,5;2599
2014-02-20 04:00:00;92,9;58,8;0,8;13,5;120,1;189,3;2598
2014-02-21 04:00:00;91,8;58,6;0,7;13,6;120,6;189,6;2588
2014-02-22 04:00:00;93,4;59,2;0,9;14,2;122,4;191,8;2595
2014-02-23 04:00:00;93,4;57,5;1;14,1;126,1;190,5;2598
2014-02-24 04:00:00;91,9;59,3;0,8;13,4;121,1;190,1;2591
2014-02-25 04:00:00;92,6;58,9;0,9;13,3;118,6;191,1;2595
2014-02-26 04:00:00;92,8;58,7;0,8;13,8;119,7;192;2599
2014-02-27 04:00:00;93,1;59,1;0,8;13,8;120,8;191,6;2593
2014-02-28 04:00:00;92,9;58,6;0,8;13,8;127,1;191,3;2574
2014-03-01 10:00:00;95,7;57,3;0,8;12,8;117,5;181,9;2595
2014-03-02 12:00:00;91,4;57;1;13;118,2;187,1;2631
2014-03-03 12:00:00;92;58,5;0,8;12,7;120,6;190,1;2551
2014-03-04 13:00:00;92,1;59,3;0,7;13,3;118,4;191,2;2419
2014-03-05 13:00:00;92,5;60,1;0,7;8,9;114,5;197;2472
2014-03-06 13:00:00;91,3;61,2;0,9;14,3;125,5;202,1;2644
2014-03-07 13:00:00;90,8;62,8;0,8;14,3;127,8;203,8;2610
2014-03-10 04:00:00;0;0,8;0,6;0,4;1,8;18,2;139
2014-03-11 04:00:00;0,2;1,7;0,3;0,2;2,6;24,7;130
2014-03-12 04:00:00;0,6;1,8;0,2;0,6;2;39,9;164
2014-03-13 04:00:00;91,3;58;0,9;12,9;119,3;185,5;2400
2014-03-14 04:00:00;91,7;59;0,9;13;123,8;186,2;2387
2014-03-15 04:00:00;91,9;58,3;0,8;13,1;120,1;186,6;2375
2014-03-16 04:00:00;91,6;58;1;13;122,3;186,6;2363
2014-03-17 04:00:00;91,2;58;1;13;125,2;185,5;2351
2014-03-18 04:00:00;90,4;59,1;0,9;12,9;121,6;186,1;2342
2014-03-19 04:00:00;90,9;59,3;0,8;12,6;121,9;185,9;2330
2014-03-20 04:00:00;91,2;58,3;0,8;12,5;122,4;188;2338
2014-03-21 04:00:00;88,9;58,4;0,6;12,7;121,6;185;2305
2014-03-22 04:00:00;88,5;58,9;0,8;12,4;123,7;184,4;2292
2014-03-23 04:00:00;90,2;58,6;0,8;12,1;120,6;184,8;2288
2014-03-24 04:00:00;91,3;58,5;0,8;12,6;124,6;186,8;2311
2014-03-25 04:00:00;91,5;59;0,8;12,6;122,6;185,7;2327
2014-03-26 04:00:00;93,3;59;0,8;12,6;117,5;189,5;2349
2014-03-27 04:00:00;91,7;59,7;0,8;12,5;119,4;187,4;2344
2014-03-28 04:00:00;91,3;59,9;0,8;12,9;122,4;186;2347
2014-03-29 04:00:00;93,2;60;0,9;12,3;116,7;190,2;2384
2014-03-30 05:00:00;92,5;59,6;0,7;13;124,2;190;2393
2014-03-31 05:00:00;91,9;59,3;0,8;13;118,6;188,9;2395
2014-04-01 10:00:00;95,9;56;0,9;13,6;119,9;181,9;2635
2014-04-02 12:00:00;93;57;0,8;13,8;123,5;189,5;2656
2014-04-03 12:00:00;93;59;0,9;13,5;120,4;190,3;2547
2014-04-04 13:00:00;92;58,6;0,8;13,2;119,4;191,3;2424
2014-04-05 13:00:00;94,1;60,7;0,8;13,9;121,4;199,3;2494
2014-04-06 13:00:00;92,1;62,7;1;14;120,8;203,1;2648
2014-04-07 13:00:00;92,1;61,7;0,8;14;123,3;205,3;2629
2014-04-10 04:00:00;0;0,8;0,5;0,3;2,2;18,3;142
2014-04-11 04:00:00;0,2;1,1;0,2;0,5;2,2;25,5;134
2014-04-12 04:00:00;0,6;1,4;0,2;0,5;3,5;40,6;159
2014-04-13 05:00:00;92,5;60,5;0,8;13,4;121,1;194,7;2444
2014-04-14 05:00:00;92,2;59,7;0,8;13;113,8;194,2;2441
2014-04-15 05:00:00;91,2;59,3;0,8;12,9;117,9;193,1;2441
2014-04-16 05:00:00;92,7;59;0,8;12,7;114,1;194,3;2448
2014-04-17 05:00:00;92,1;59,5;0,6;13,2;119,4;195,2;2460
2014-04-18 05:00:00;92,1;59,8;0,7;12,8;116,6;195,9;2453
2014-04-19 05:00:00;92,1;60,2;0,7;13,3;121,3;194,2;2439
2014-04-20 05:00:00;93,1;60,9;0,9;12,8;113,9;195,6;2456
2014-04-21 05:00:00;92,4;60,1;0,8;12,9;121,6;195;2460
2014-04-22 05:00:00;92,4;60,4;0,9;13,2;119,9;195,6;2458
2014-04-23 05:00:00;92,7;59,4;0,8;13,5;119,5;195,6;2466
2014-04-24 05:00:00;92,5;59,2;0,9;13,3;120,1;195,8;2473
2014-04-25 05:00:00;92;59,9;0,7;13,2;118,9;195,2;2474
2014-04-26 05:00:00;92,4;60,1;0,7;13,1;120,8;195,9;2450
2014-04-27 05:00:00;92,3;59,9;0,8;13,4;120,3;196,3;2444
2014-04-28 05:00:00;91,9;59;0,8;12,4;114,3;194,1;2421
2014-04-29 05:00:00;93,1;60,1;0,9;13,2;120,2;197,1;2438
2014-04-30 05:00:00;92,7;60,8;0,8;13,1;119,7;196,9;2459
2014-05-01 10:00:00;96,3;56;0,9;13,2;113,8;182,2;2664
2014-05-02 12:00:00;92,4;58;0,8;13,7;117;189,7;2663
2014-05-03 12:00:00;93,9;58,6;0,7;13,4;119,1;190,6;2537
2014-05-04 13:00:00;92,9;60,3;0,8;12,8;116,2;192,3;2425
2014-05-05 13:00:00;92,4;61;0,7;13,5;123,7;198,6;2492
2014-05-06 13:00:00;92,4;61,5;0,9;14,3;125,7;203,2;2644
2014-05-07 13:00:00;89,6;61,2;0,9;14;125;204,5;2638
2014-05-10 04:00:00;0;1,4;0,4;0,3;2,7;18,4;136
2014-05-11 04:00:00;0,2;1,3;0;0,4;1,7;25,9;138
2014-05-12 04:00:00;0,6;1,5;0,3;0,3;2,5;40,7;159
2014-05-13 05:00:00;91,5;60,4;0,7;13,6;124,3;198,5;2509
2014-05-14 05:00:00;92,4;61,1;0,6;13,1;119,7;198,5;2517
2014-05-15 05:00:00;92;59,1;0,8;12,9;118,3;197,5;2521
2014-05-16 05:00:00;93,7;59,2;0,7;13,2;119,2;199,9;2540
2014-05-17 05:00:00;92,9;61,5;0,8;13,7;122,2;199,3;2546
2014-05-18 05:00:00;92,5;60,5;0,7;14;122,2;201,1;2560
2014-05-19 05:00:00;92,5;62,4;0,9;13,6;117,4;200,7;2575
2014-05-20 05:00:00;92,6;61,4;0,8;14;124,2;202;2592
2014-05-21 05:00:00;92,8;62,1;0,7;14,2;124,1;201,6;2603
2014-05-22 05:00:00;92,4;61,4;1;13,4;117,7;202,2;2601
2014-05-23 05:00:00;91,1;61,1;0,6;13,8;120,9;201,5;2601
2014-05-24 05:00:00;92,9;62,8;0,8;13,9;118,9;203,2;2608
2014-05-25 05:00:00;93,1;63,1;0,8;14,4;125,9;203,3;2615
2014-05-26 05:00:00;92,7;60,9;0,8;14,6;126,3;202,2;2611
2014-05-27 05:00:00;92,3;61,9;0,9;14,2;123,8;201,3;2609
2014-05-28 05:00:00;92,6;61,8;0,9;14,3;127,5;202,6;2617
2014-05-29 05:00:00;91,4;61,9;0,8;14,5;129,1;200,9;2609
2014-05-30 05:00:00;92,5;61,2;0,9;13,9;121,6;201,9;2610
2014-05-31 05:00:00;92,7;61,2;0,9;15;131,1;201,3;2611
2014-06-01 10:00:00;96;56,1;0,8;14,1;123,6;182,8;2684
2014-06-02 12:00:00;92,4;57,6;0,9;14,6;126,3;189,3;2665
2014-06-03 12:00:00;93,9;59,2;1;13,8;123;190,6;2540
2014-06-04 13:00:00;93;60,8;0,8;12,9;117,3;194;2436
2014-06-05 13:00:00;92,2;61,2;0,7;13,2;121,6;198,2;2492
2014-06-06 13:00:00;91,6;61,4;0,8;14;120,2;202,7;2629
2014-06-07 13:00:00;91,2;62,9;1;14,3;125,6;207;2667
2014-06-10 00:00:00;0;1,2;0,4;0,2;3,1;19,1;135
2014-06-11 01:00:00;0,2;1,3;0,4;0,3;2,5;26,5;136
2014-06-12 01:00:00;0,6;0,8;0,3;0,7;3;40,5;159
2014-06-13 05:00:00;92,4;61,1;1;14;120,4;203,3;2637
2014-06-14 05:00:00;91,8;61,9;0,9;14,3;121,3;203;2654
2014-06-15 05:00:00;91,7;62;0,8;14,1;126;203,5;2659
2014-06-16 05:00:00;91,8;61;0,9;14,1;123,7;203,5;2649
2014-06-17 05:00:00;91,7;61,5;1;14,2;121,5;202,7;2646
2014-06-18 05:00:00;90,6;61,3;1;14,4;122,5;201,7;2640
2014-06-19 05:00:00;91,6;63,5;0,7;13,9;120,4;204,6;2643
2014-06-20 05:00:00;90;61,2;0,7;13,8;124,1;202,6;2615
2014-06-21 05:00:00;92,1;61,3;0,9;13,8;123,5;204,6;2617
2014-06-22 05:00:00;92,3;61,3;1;14;125;205;2618
2014-06-23 05:00:00;92,2;61,2;0,8;14,1;124,8;204,3;2622
2014-06-24 05:00:00;92;62,7;0,8;14,6;128,2;204,9;2617
2014-06-25 05:00:00;92,2;62,6;0,9;14,3;122,5;205;2623
2014-06-26 05:00:00;92,1;63,6;0,9;14,4;126,6;206,2;2636
2014-06-27 05:00:00;89,8;60,9;0,8;13,6;124;204;2595
2014-06-28 05:00:00;90,9;62,7;0,7;14,3;127,5;204,5;2576
2014-06-29 05:00:00;92,6;62,3;1;13,4;122,3;205,7;2566
2014-06-30 05:00:00;91,3;62,8;0,8;14,1;126;204,1;2565
2014-07-01 11:00:00;88,1;52,2;0,8;13,8;111,8;176,4;2639
2014-07-02 12:00:00;91,4;57;0,9;14,2;124,3;188,2;2663
2014-07-03 12:00:00;91,6;59;0,8;12,8;117,1;188,9;2496
2014-07-04 13:00:00;92,1;57,8;0,8;12,7;116,3;193,3;2431
2014-07-05 13:00:00;92,6;61,6;0,8;13,5;117,5;199,7;2510
2014-07-06 13:00:00;93,2;62,4;0,8;13,7;117,4;204,1;2637
2014-07-07 13:00:00;90,3;61,5;0,8;14,8;128,4;203,6;2654
2014-07-10 00:00:00;0;1;0,5;0,4;1,5;19,2;132
2014-07-11 01:00:00;0,3;1,6;0,4;0,6;1,1;27,1;142
2014-07-12 01:00:00;0,6;1,8;0,3;0,2;2,5;41,3;159
2014-07-13 05:00:00;92,2;62;1,2;14,9;126,5;208,3;2690
2014-07-14 05:00:00;92,7;63,2;1,2;14,4;126,1;209,5;2683
2014-07-15 05:00:00;93,2;63,2;0,9;15;129,5;209,9;2689
2014-07-16 05:00:00;93,3;63,6;1,2;14,5;122,1;209,6;2696
2014-07-17 05:00:00;92,4;62,8;1,2;14,9;130,2;208,5;2695
2014-07-18 05:00:00;91,4;60,8;1;14,5;126,4;205,5;2688
2014-07-19 05:00:00;91,3;62;1,2;14,4;125,7;205,8;2698
2014-07-20 05:00:00;92,7;62,9;1,1;15,4;130,5;209,6;2732
2014-07-21 05:00:00;92,1;62,5;1,1;15,4;128,4;209,2;2739
2014-07-22 05:00:00;91,9;61,9;1,2;14,8;125,8;208,6;2735
2014-07-23 05:00:00;92,6;62,6;1,3;16,1;136;209;2749
2014-07-24 05:00:00;91,9;62,3;1,1;15,2;129,2;209,6;2763
2014-07-25 05:00:00;92,1;63,1;1,3;14,7;122,7;210,1;2769
2014-07-26 05:00:00;90,6;62,7;1;15,5;131,3;208,1;2763
2014-07-27 05:00:00;92;62,7;1,2;15,7;128,3;211;2792
2014-07-28 05:00:00;92,6;63,5;1,2;16;132,1;212,6;2784
2014-07-29 05:00:00;92,5;64,1;1;15,6;130,9;211,5;2797
2014-07-30 05:00:00;92;63,9;1,2;14,8;129,6;211;2794
2014-07-31 05:00:00;93,3;64;1;15,2;129,7;214,1;2790
2014-08-01 12:00:00;88,9;53,4;0,7;14,9;117,7;179,4;2679
2014-08-02 12:00:00;92,2;57,4;1;14,7;126,8;190;2672
2014-08-03 12:00:00;94,2;58,4;0,7;13,7;124,4;190;2499
2014-08-04 13:00:00;92,7;60;0,7;13,5;122,9;194,1;2433
2014-08-05 13:00:00;91,5;60,9;0,7;13,5;122,9;197,5;2497
2014-08-06 13:00:00;92,2;62;0,9;14;118,1;202,6;2634
2014-08-07 13:00:00;92,1;63,5;1,1;14,4;120,1;207,1;2672
2014-08-10 00:00:00;0,1;1,1;0,1;0,3;2,3;19,6;140
2014-08-11 01:00:00;0,2;1,1;0,1;0,6;2,5;27,9;135
2014-08-12 01:00:00;0,6;2,5;0,1;0,1;2,4;41,5;158